order_event_id,analysis_date,ticker,plan_id,scenario_id,order_id,side,order_type,status,fill_time,fill_price,filled_quantity
40ce6d7495e0b044ee4902ca758762a9533520fa57d5fc9ed1f985de05cccba4,2026-07-13,BTC-USD,80b98890dc01bcbb533028e3321b06cb2d3c0b6e645653746e5495f0f512bf05,base_case,exit_spot_1,sell,market,filled,2026-07-13T15:00:00+00:00,62768.50005,0.15923592235019482
f5d2ea95baebc58a9999f32d1ed2af2dba0d76bd799832b5e659b5b83474e4db,2026-07-13,BTC-USD,80b98890dc01bcbb533028e3321b06cb2d3c0b6e645653746e5495f0f512bf05,rebound_exit,rebound_exit_1,sell,market,condition_not_met_before_supersession,,,
84492424297e2515d848fbaca126872c54fa59fb4e9666a1c6b450356df15554,2026-07-13,BTC-USD,80b98890dc01bcbb533028e3321b06cb2d3c0b6e645653746e5495f0f512bf05,breakdown_exit,breakdown_exit_1,sell,market,condition_not_met_before_supersession,,,
d8e1cb1aab1e9c438ffd6230361bda96cddae4eca7a7a64b7c6edd26d2b48b3e,2026-07-14,BTC-USD,a7ff10c1de89f9606cf5eafd75c204c6f921a97b4efa087ae3f87a132aa47bd4,base_case,exit_spot_1,sell,market,no_quantity,,,
594addf74a352fc202f0d2467e978b993182936db3dc92b2802275b11869848c,2026-07-14,BTC-USD,a7ff10c1de89f9606cf5eafd75c204c6f921a97b4efa087ae3f87a132aa47bd4,rebound_exit,rebound_exit_1,sell,market,condition_not_met_before_supersession,,,
8e8e361db4789f81465a91b5e75ca557034fe4dd8e8eee3bb5c7770674f4b68d,2026-07-14,BTC-USD,a7ff10c1de89f9606cf5eafd75c204c6f921a97b4efa087ae3f87a132aa47bd4,breakdown_exit,breakdown_exit_1,sell,market,condition_not_met_before_supersession,,,
3a96edfc63a8c88db868cc7e15c4997e785ef58f4814d57cb1c941fdafc0c26e,2026-07-15,BTC-USD,22a66fb6ab6e31b4e573f739f688653cce8675483701f3d2aef4117ee12b2a29,base_case,entry_initial_15,buy,market,filled,2026-07-16T15:00:00+00:00,64575.971849999994,0.023193623062755346
9bf2d2ded5b8e67bf5292c34f2d4036eedcd534212139c7c1d6f111387f0b6e2,2026-07-15,BTC-USD,22a66fb6ab6e31b4e573f739f688653cce8675483701f3d2aef4117ee12b2a29,add_on_dip,add_dip_15,buy,market,condition_not_met_before_supersession,,,
8680b03a39c68c04c2f34fe60244e3a35bb17199ea5a4c04d1f74dc2e4506755,2026-07-15,BTC-USD,22a66fb6ab6e31b4e573f739f688653cce8675483701f3d2aef4117ee12b2a29,stop_loss_61k,reduce_on_61k,sell,market,condition_not_met_before_supersession,,,
3663afd78a168cb188b845f7a31871ea1aa3035739defac40be4ff0fd1d87185,2026-07-15,BTC-USD,22a66fb6ab6e31b4e573f739f688653cce8675483701f3d2aef4117ee12b2a29,breakdown_57500,exit_on_57500,sell,market,condition_not_met_before_supersession,,,
776f4cbd52d0764bf932a43ab547da41fe59fe703eadaa8982ed1f72b9d6aa13,2026-07-15,BTC-USD,22a66fb6ab6e31b4e573f739f688653cce8675483701f3d2aef4117ee12b2a29,target_68000,reduce_1_3_at_68k,sell,market,condition_not_met_before_supersession,,,
d9fbadc67b783974d59e798c93d05b860c97d4c9db1d7f5124a8a9bb771bcd6c,2026-07-15,BTC-USD,22a66fb6ab6e31b4e573f739f688653cce8675483701f3d2aef4117ee12b2a29,target_70000,reduce_another_1_3_at_70k,sell,market,condition_not_met_before_supersession,,,
5b63614f503a052656c7d053574ccb2425d7c12949ec2d6987d0577dc130c94b,2026-07-16,BTC-USD,f9fff830432e8bb5d95e529fd50fee39e0cd9795edb07e94597d5a768eefedd0,immediate_exit_btc_long,exit_all_btc_spot,sell,market,filled,2026-07-16T16:00:00+00:00,64671.34815,0.023193623062755346
14e1b0939bc7c5cf72c8ed31ace1215f0b885d2fc2e06fb781fc9d064bafc4ab,2026-07-17,BTC-USD,ae474685046abf8a8329791b92c1df81651d3209ee79ee241bad62c38d12ca81,rebound_reduce,reduce_1,sell,limit,condition_not_met_before_supersession,,,
955f2972d0919a5a5ef0ec3d2e59eaefdd4953bd41f794f216174fc34c8716a8,2026-07-17,BTC-USD,ae474685046abf8a8329791b92c1df81651d3209ee79ee241bad62c38d12ca81,rebound_reduce,reduce_2,sell,limit,condition_not_met_before_supersession,,,
00b2d6119f5ef4d16a261a8ba4e3117f0ca37567a8ab294fe98180fa3e01ad66,2026-07-17,BTC-USD,ae474685046abf8a8329791b92c1df81651d3209ee79ee241bad62c38d12ca81,extreme_fear_buy,buy_1,buy,limit,condition_not_met_before_supersession,,,
96fcf6ffb57e576aa37a6b44208b9e848450925f6382cb62345feed86fe9a76c,2026-07-17,BTC-USD,ae474685046abf8a8329791b92c1df81651d3209ee79ee241bad62c38d12ca81,extreme_fear_buy,buy_2,buy,limit,condition_not_met_before_supersession,,,
06ad992c3d15b67a49443bb17c8f3d5990175d61a07f19cec42d391f622905f1,2026-07-17,BTC-USD,ae474685046abf8a8329791b92c1df81651d3209ee79ee241bad62c38d12ca81,extreme_fear_buy,buy_3,buy,limit,condition_not_met_before_supersession,,,
60aa26e9abe80a9dc11472bd30c7d0117571ded1f2f5ec4b926e7e9215a4bf8f,2026-07-18,BTC-USD,d84ced9656e68214e95759489d0c1eccd4fd6d696c7cda464b5556ae87e50683,hard_stop_existing,hard_stop_1,sell,stop_market,no_quantity,,,
75567c04f983e7f3193c6e83c40fd5ca7e0c2c5dd6c4312246f79554a4302a9e,2026-07-18,BTC-USD,d84ced9656e68214e95759489d0c1eccd4fd6d696c7cda464b5556ae87e50683,lower_range_accumulation,buy_1,buy,limit,condition_not_met_before_supersession,,,
0c76f78077f2636cbb1ff6e33b1824be81d75f432b35d1949c6c8b1779b4238d,2026-07-18,BTC-USD,d84ced9656e68214e95759489d0c1eccd4fd6d696c7cda464b5556ae87e50683,lower_range_accumulation,buy_2,buy,limit,condition_not_met_before_supersession,,,
404f065f381c95374e8d10f7e869b06219c34dc01f6150a2fd4a40123db03a89,2026-07-19,BTC-USD,bfbc817d675011b2b66ae5625ed5cbca2bf3fa64a92141d5337054dfceace1c5,immediate_entries,entry_1,buy,limit,filled,2026-07-18T22:00:00+00:00,64771.86975,0.05376118142946583
931c66bd3554cbb42a2c18a63eac87387c3b8f2f2fc2fd54f80565c913596a5f,2026-07-19,BTC-USD,bfbc817d675011b2b66ae5625ed5cbca2bf3fa64a92141d5337054dfceace1c5,immediate_entries,entry_2,buy,limit,cancelled_by_new_plan,,,
d0e37c0068ffb0b86f8ba29c3a00951ead2aad3c8becbd85d36e5e5437f5d54a,2026-07-19,BTC-USD,bfbc817d675011b2b66ae5625ed5cbca2bf3fa64a92141d5337054dfceace1c5,immediate_entries,entry_3,buy,limit,cancelled_by_new_plan,,,
5eafb350b86f96e1720d347a56ecf29691a768acde293f3ec6be12b13ab545ee,2026-07-19,BTC-USD,bfbc817d675011b2b66ae5625ed5cbca2bf3fa64a92141d5337054dfceace1c5,hard_stop_daily_close,hard_stop_1,sell,market,condition_not_met_before_supersession,,,
6472e45e0fbd76b1b1da81fe0555b056a7e0e4a2fce406757be5e762e33e055b,2026-07-19,BTC-USD,bfbc817d675011b2b66ae5625ed5cbca2bf3fa64a92141d5337054dfceace1c5,target_sell,target_sell_1,sell,limit,no_quantity,,,
9564ae33d8c67da373f06d01843399420b606df0801c1ad00681ead1dfea398f,2026-07-20,BTC-USD,e719cd5fdb754b05808ad451119841e83d5ce53ddb5cb6a561963a555fcb6ebe,initial_entry,entry_1,buy,limit,filled,2026-07-20T06:00:00+00:00,64000.0,0.015230917863123595
74c52f40680a86379d740c867b1f7c4e2feded2c08190020197fef6c4f9b1c2d,2026-07-20,BTC-USD,e719cd5fdb754b05808ad451119841e83d5ce53ddb5cb6a561963a555fcb6ebe,retrace_add,add_1,buy,market,condition_not_met_before_supersession,,,
fd5d50fcce1ca0492057ea48370f3d793447bc4eab526520d404fd9a73237f8e,2026-07-20,BTC-USD,e719cd5fdb754b05808ad451119841e83d5ce53ddb5cb6a561963a555fcb6ebe,breakout_add,add_2,buy,market,filled,2026-07-21T08:00:00+00:00,66219.2931,0.019715770447035926
c03d630ee7965c4d255c2bf587ab2a06c5b9db2b3c44b2a6e37d2527ce39e38f,2026-07-20,BTC-USD,e719cd5fdb754b05808ad451119841e83d5ce53ddb5cb6a561963a555fcb6ebe,stop_loss_reduce,reduce_1,sell,market,condition_not_met_before_supersession,,,
60d2fd1f12dc37538a59001aed29d719c505bea5c2289d0369a65b29912d8942,2026-07-20,BTC-USD,e719cd5fdb754b05808ad451119841e83d5ce53ddb5cb6a561963a555fcb6ebe,downside_add,add_3,buy,market,condition_not_met_before_supersession,,,
9c05240b958e1ee26739f31d84a5ae6f7a79acfb494179db10524d8209d609a3,2026-07-21,BTC-USD,9829fdb54e13586735171d08be9f939816da74eea0c79a4d07aa5cff6664d250,initial_entry_add_and_take_profit,entry_1,buy,limit,cancelled_by_new_plan,,,
4e64e60b82194c2421b571ad7ea8465c9f6fa20c0c3f324d59fa2019611e6631,2026-07-21,BTC-USD,9829fdb54e13586735171d08be9f939816da74eea0c79a4d07aa5cff6664d250,initial_entry_add_and_take_profit,add_1,buy,limit,cancelled_by_new_plan,,,
16a799677401cf554b4afa162b00f71b1f37e11aad7bbdb150be4a741872bac5,2026-07-21,BTC-USD,9829fdb54e13586735171d08be9f939816da74eea0c79a4d07aa5cff6664d250,initial_entry_add_and_take_profit,tp_1,sell,limit,cancelled_by_new_plan,,,
c85d87e9d5b85a8fd2b5a5993bd3a272e71058e6e01060f0fc2ff03bc4bc9d9d,2026-07-21,BTC-USD,9829fdb54e13586735171d08be9f939816da74eea0c79a4d07aa5cff6664d250,hard_stop_weekly_close,stop_1,sell,market,condition_not_met_before_supersession,,,
0c41cefb74e51ca7b562f5f384580e02490027c305894f80374f8696a8c74b3f,2026-07-21,BTC-USD,9829fdb54e13586735171d08be9f939816da74eea0c79a4d07aa5cff6664d250,post_take_profit_stop_to_cost,stop_after_tp,sell,stop_market,condition_not_met_before_supersession,,,
37499be2a8ee4db884259b08fdbe2140941597451d27c52a7d5ab446ec9115a7,2026-07-21,BTC-USD,9829fdb54e13586735171d08be9f939816da74eea0c79a4d07aa5cff6664d250,event_risk_reduce,event_reduce,sell,market,condition_not_met_before_supersession,,,
b4299dfc060557fd337b2ee6d697cec048bbf6b346ff17a88479f60782798a08,2026-07-22,BTC-USD,456b07db85ba3e4afa15aa9fc24d48611fc7c11eb244a280818cd73828e82245,base_entries_and_hard_stop,entry_1,buy,market,rejected_by_portfolio_state,,,
c5b1917e08127ebe12a15e756fbfe4e2630a34e15480458c40cd104dea49642a,2026-07-22,BTC-USD,456b07db85ba3e4afa15aa9fc24d48611fc7c11eb244a280818cd73828e82245,base_entries_and_hard_stop,add_dip,buy,limit,cancelled_by_new_plan,,,
dcefb421712a9ea1ae4416ef1708dd99216358ff86ffb74839a5c8fd6df383a3,2026-07-22,BTC-USD,456b07db85ba3e4afa15aa9fc24d48611fc7c11eb244a280818cd73828e82245,base_entries_and_hard_stop,hard_stop,sell,stop_market,cancelled_by_new_plan,,,
467e6be85c327ba2be3849fdd920c9e56c338a1ee0673d4d5772e10a78866831,2026-07-22,BTC-USD,456b07db85ba3e4afa15aa9fc24d48611fc7c11eb244a280818cd73828e82245,trend_confirmation_add,trend_add,buy,market,condition_not_met_before_supersession,,,
f286868f0803087cb8a9481e32a2914a4d6e3d00f42520172f640c5d93b9655d,2026-07-23,BTC-USD,6dac0d6d539931f74c4d06a4274bfab2d2acb8eb1ff96253aae77dc58a4b729c,immediate_reduce_half,reduce_initial_50,sell,market,filled,2026-07-22T22:00:00+00:00,66038.7641,0.04435393486981268
bd6f204e703bbc4d8333da8d82f36bc1d27d5f12e57da4b49b270bd0cc7efca5,2026-07-23,BTC-USD,6dac0d6d539931f74c4d06a4274bfab2d2acb8eb1ff96253aae77dc58a4b729c,rebound_reduce_remaining,reduce_rebound_50_of_remaining,sell,market,condition_not_met_before_supersession,,,
c8243cfab731718ceabcb0e6e85035a525eaf725fdc52c0f32251c537b27e7b6,2026-07-24,BTC-USD,a23e18550330b2fd0c17528e5d321be9ed302eb47226a24dc54e3b20e2fa8523,immediate_reduce_to_50,reduce_to_50,sell,market,filled,2026-07-23T22:00:00+00:00,65135.216100000005,0.02217696743490634
6054d29399d8785b2fd76fd7859e603d7f305d010dfcea74bb7e174cbd3ebf05,2026-07-24,BTC-USD,a23e18550330b2fd0c17528e5d321be9ed302eb47226a24dc54e3b20e2fa8523,further_reduce_to_30_on_break_64000_low_volume,reduce_to_30,sell,market,condition_not_met_before_supersession,,,
a3911041539bc7cc461cc6faf03d1a7e8de47dca66571befc91dababd2b1838a,2026-07-24,BTC-USD,a23e18550330b2fd0c17528e5d321be9ed302eb47226a24dc54e3b20e2fa8523,risk_clear_below_61900,reduce_to_below_10,sell,market,condition_not_met_before_supersession,,,
5816a25fa709406c8b1779d23226d1e36e8e8f3eb9adc81066306e38438d8b3f,2026-07-24,BTC-USD,a23e18550330b2fd0c17528e5d321be9ed302eb47226a24dc54e3b20e2fa8523,reentry_volume_breakout_67000,replenish_to_60_70,buy,market,condition_not_met_before_supersession,,,
d74a9ae86da4ad5d7fd139b7dc8cc059d990fc3575b982ac282e2f2f3aa10ed5,2026-07-24,BTC-USD,a23e18550330b2fd0c17528e5d321be9ed302eb47226a24dc54e3b20e2fa8523,long_term_add_to_80_on_funding_nvt,add_to_80,buy,market,condition_not_met_before_supersession,,,
819473325373008978629c9f4c8c489c80d65932484ae715e420c55deeddf6e5,2026-07-25,BTC-USD,95225346a4ef8618f32677dc79879870067a478a538028fab0f9b31b6e2e0163,reduce_30pct_at_66500,sell_30pct_66500,sell,limit,cancelled_by_new_plan,,,
c270dae99cf69a315f207eee3564766a098da79b751f2e49c008309dfed3feba,2026-07-25,BTC-USD,95225346a4ef8618f32677dc79879870067a478a538028fab0f9b31b6e2e0163,exit_below_60000_hard_stop,exit_stop_60000,sell,stop_market,cancelled_by_new_plan,,,
7c14bff607302a3d88ce32a61f2eda887488290d2fe1f45d892360961e1e6603,2026-07-25,BTC-USD,95225346a4ef8618f32677dc79879870067a478a538028fab0f9b31b6e2e0163,rebuy_10_20pct_in_58000_60000,rebuy_10pct_60000,buy,limit,condition_not_met_before_supersession,,,
75f3eae66cd598ee780e7ff3019e78d988e99017106b6afd0827da67f5c0ce90,2026-07-25,BTC-USD,95225346a4ef8618f32677dc79879870067a478a538028fab0f9b31b6e2e0163,rebuy_10_20pct_in_58000_60000,rebuy_10pct_58000,buy,limit,condition_not_met_before_supersession,,,
b20889de5faca95e0ac365006cec61965e7d77bebab44d53c6749802d58aafa8,2026-07-26,BTC-USD,e44c05e8066a21873fee8a272d04236e517bde0832c480009f24ac4292f1a94f,stop_loss_daily_close,exit_all,sell,market,condition_not_met_before_supersession,,,
03a872f62e1f63daa51780f0911189737d105a9f5223a85335db277b8897a295,2026-07-26,BTC-USD,e44c05e8066a21873fee8a272d04236e517bde0832c480009f24ac4292f1a94f,accumulation_ladder,buy_1_64000,buy,limit,cancelled_by_new_plan,,,
d888dbf4c6ed490758b736a711548cd6abe7766d11c85c83845ec8897344ff78,2026-07-26,BTC-USD,e44c05e8066a21873fee8a272d04236e517bde0832c480009f24ac4292f1a94f,accumulation_ladder,buy_2_62000,buy,limit,cancelled_by_new_plan,,,
4ce0ff5cc9352777067b984ba471becce2ddce4e768d23ef38064ceaaf9757f7,2026-07-26,BTC-USD,e44c05e8066a21873fee8a272d04236e517bde0832c480009f24ac4292f1a94f,third_tranche_30,buy_3_72000,buy,market,condition_not_met_before_supersession,,,
b8f285911faa0a58be910182372f458bc6d3cbfd1cb209577b80ccf3b23d0f86,2026-07-27,BTC-USD,81cf0d4a9e3309d0059006e465808811ecf2768013ac4e86b91d5958dcd3da7a,stop_loss_daily_close,exit_all,sell,market,condition_not_met_before_supersession,,,
9e071430a6c57c1cbb1ccc9e80e42590ddbd3bf7046b6df46755ca7ed6c39643,2026-07-27,BTC-USD,81cf0d4a9e3309d0059006e465808811ecf2768013ac4e86b91d5958dcd3da7a,vanguard_and_golden,buy_1_65000,buy,limit,filled,2026-07-26T22:00:00+00:00,64889.92875,0.026415718504998742
3e8d7f26fdc214555658971d751c0f752bfc7187bea729342b48ddbf398b37b5,2026-07-27,BTC-USD,81cf0d4a9e3309d0059006e465808811ecf2768013ac4e86b91d5958dcd3da7a,vanguard_and_golden,buy_2_63000,buy,limit,cancelled_by_new_plan,,,
02d06aec0ee0ac9bf80e6f5c96323f25f3d06d326529a153c352c85e11ae2eea,2026-07-27,BTC-USD,81cf0d4a9e3309d0059006e465808811ecf2768013ac4e86b91d5958dcd3da7a,trend_confirmation_add,buy_3_68000,buy,market,condition_not_met_before_supersession,,,
48664d89809493bbaf76b4f898fcb8872b3a72160565b70dcc1d7c446b849720,2026-07-28,BTC-USD,de660c43250db8341aee403efac4b3e9bc086562320b10656526bdedfcd80ecd,reduce_if_over_60,reduce_40,sell,market,condition_not_met_before_supersession,,,
52b931afdf081d0118f37443e2d7a31e922188dcac2f42a740e896f987549f01,2026-07-28,BTC-USD,de660c43250db8341aee403efac4b3e9bc086562320b10656526bdedfcd80ecd,hard_stop_58000,stop_58000,sell,stop_market,cancelled_by_new_plan,,,
0c1bcc86d7ddd6a44bb11830795e1ebbde82139153dc8bb9b262db15b9abc72d,2026-07-29,BTC-USD,dbff493b654c1ff654f276bf2513e668c2f55ca1579cfd179fde2082d8357d5b,initial_entry,entry_10,buy,market,filled,2026-07-28T22:00:00+00:00,64008.88845,0.01073712591320226
18fcca8c2d2976a2e4bafd40a0389f5a9b472b50085c83cb6294986551fddae2,2026-07-29,BTC-USD,dbff493b654c1ff654f276bf2513e668c2f55ca1579cfd179fde2082d8357d5b,fed_pause_breakout,add_breakout_15,buy,market,filled,2026-07-29T19:00:00+00:00,64539.95384999999,0.016028822955967446
bbd27501401f6ed1e530ed7f50d6490671decdd2c865c79afd51993a9102c90e,2026-07-29,BTC-USD,dbff493b654c1ff654f276bf2513e668c2f55ca1579cfd179fde2082d8357d5b,support_reentry,add_support_15,buy,limit,condition_not_met_before_supersession,,,
69fb8f6c2981231625766e5a06d095dff8049fc9c0b157e61db334c2df6dbecc,2026-07-29,BTC-USD,dbff493b654c1ff654f276bf2513e668c2f55ca1579cfd179fde2082d8357d5b,black_swan_accumulation,add_black_swan_60,buy,limit,condition_not_met_before_supersession,,,
0f818f8f5c5ea1e6a40637a0733b7e5335f7b91356215eb9b17f84992b8bc1e0,2026-07-30,BTC-USD,43f3bf8d3d8ad57f7075f6b7c20d87c75da0270730738f91002c382c9c7a5baf,initial_reduce_63500,sell_initial_12,sell,limit,condition_not_met_before_supersession,,,
8bc91b19ea97253632bcfc7f9da4df0fa29793c3ecbc5dbd98d83973cc44b7bd,2026-07-30,BTC-USD,43f3bf8d3d8ad57f7075f6b7c20d87c75da0270730738f91002c382c9c7a5baf,break_support_add,sell_add_40,sell,market,condition_not_met_before_supersession,,,
764838bb3185334cb2ad76d4349c5a80df239d454315c3723657cfb598c5d27c,2026-07-31,BTC-USD,32ff594f553f640a36c67819892ff97697e0fef5628a8ff95482ea30b8e7f7d8,immediate_reduce_core,sell_reduce_75,sell,market,filled,2026-07-30T22:00:00+00:00,64701.533050000005,0.05651897610680609
f104874a1f16fd95f3da9503f2e1a3dea809918202d255e3869c3936b304abd2,2026-07-31,BTC-USD,32ff594f553f640a36c67819892ff97697e0fef5628a8ff95482ea30b8e7f7d8,break_62000_reduce,sell_reduce_50,sell,market,condition_not_met_before_supersession,,,
be341a8132a4325fcb42da8b6fb1500501441a6d54defb3b4cb32d5c100c74ca,2026-07-31,BTC-USD,32ff594f553f640a36c67819892ff97697e0fef5628a8ff95482ea30b8e7f7d8,value_zone_reentry,buy_reentry_50,buy,market,condition_not_met_before_supersession,,,
258aed9d02f088f6a120ac2ab1a8897af90352d55b5e34b2c45d66c9a51bc6f4,2026-08-02,BTC-USD,d04268d6cdac718530d7f8cdc779fdebf0f4528afb1d2c95d0f678d2ec53331d,immediate_reduce_half,immediate_sell_half_target,sell,market,filled,2026-08-01T22:00:00+00:00,62784.29215,0.004709914675567174
e073f9e3bd315c02d1347e7290092c6ee31cf882a91e7e219fc6745a00f22f9d,2026-08-02,BTC-USD,d04268d6cdac718530d7f8cdc779fdebf0f4528afb1d2c95d0f678d2ec53331d,resistance_reduce_remainder,resistance_sell_remainder,sell,market,filled,2026-08-02T03:00:00+00:00,63416.97565,0.004709914675567174
15ce4caba797832524397e485213b2f0574198d057c7b8054650e6ee2b2d2fa8,2026-08-02,BTC-USD,d04268d6cdac718530d7f8cdc779fdebf0f4528afb1d2c95d0f678d2ec53331d,break_support_complete_reduce,support_sell_remainder,sell,market,condition_not_met_before_supersession,,,
acb92507f24ba0d3115e564b86090f1b0a99e11ce7384b85e2852f92b71a5525,2026-08-02,BTC-USD,d04268d6cdac718530d7f8cdc779fdebf0f4528afb1d2c95d0f678d2ec53331d,breakout_reentry,breakout_buy_reentry,buy,market,condition_not_met_before_supersession,,,
4a0f6655f457cb5ceca671a9318898e2825f8bc67829ca20d575f4cc6fbef5a7,2026-08-02,BTC-USD,d04268d6cdac718530d7f8cdc779fdebf0f4528afb1d2c95d0f678d2ec53331d,capitulation_reentry,capitulation_buy_reentry,buy,market,condition_not_met_before_supersession,,,
cda37c9f07e1c9bdcfff1e48897780b9569ac87c673d6906b10279e28b823486,2026-08-03,BTC-USD,b9d9fa92325670b545e765fa222c8bcf11e2f04d71c9dab5558282f8a358b6d3,existing_long_stop,tighten_stop_62000,sell,stop_market,condition_not_met_before_supersession,,,
0eac9acdba3170961b597fec07b4ae3401d2ce55fa37f0e5fdfc58c381cd1431,2026-08-03,BTC-USD,b9d9fa92325670b545e765fa222c8bcf11e2f04d71c9dab5558282f8a358b6d3,value_buy_58500_60000,value_buy_1of3,buy,market,condition_not_met_before_supersession,,,
a6f13c25d3afd161f68d4cebd1e435501b1e1b1d82fc22ff947c72f53c56dd25,2026-08-03,BTC-USD,b9d9fa92325670b545e765fa222c8bcf11e2f04d71c9dab5558282f8a358b6d3,momentum_buy_66900_68000,momentum_buy_follow,buy,market,condition_not_met_before_supersession,,,
f834804f5eb0c72730ca96aa2ef0fdca0825821ba60d7123d45870342a0078f3,2026-08-04,BTC-USD,a22d4083bca73454c8c9efe7f527d7aad3afcfb594c1c9df87641426558f00c8,stop_daily_close_57700,hard_stop_57700,sell,market,condition_not_met_before_supersession,,,
9905b33acfdaeb5da014c3562cddddb87cbb6d2786a059fd4465de70552922ac,2026-08-04,BTC-USD,a22d4083bca73454c8c9efe7f527d7aad3afcfb594c1c9df87641426558f00c8,initial_buy_63700,initial_buy_63700,buy,limit,filled,2026-08-03T22:00:00+00:00,63617.09265,0.029490731211567773
4028da491af343f6873f44cf4992e7c250c684a6005f9d06defbf5b4ef35db67,2026-08-04,BTC-USD,a22d4083bca73454c8c9efe7f527d7aad3afcfb594c1c9df87641426558f00c8,second_buy_58200_59500,second_buy_upper,buy,limit,condition_not_met_before_supersession,,,
3b8a4e4a0086aa861ccb66e283b2d56dc5b2bf5e27026ac57f3ff5712aace6b8,2026-08-04,BTC-USD,a22d4083bca73454c8c9efe7f527d7aad3afcfb594c1c9df87641426558f00c8,second_buy_58200_59500,second_buy_lower,buy,limit,condition_not_met_before_supersession,,,
8c16ad9aec79347da3f2c4d943c32963430bb4739b50ec4ed86959f3f555ad37,2026-08-04,BTC-USD,a22d4083bca73454c8c9efe7f527d7aad3afcfb594c1c9df87641426558f00c8,trend_buy_69400,trend_buy_40pct,buy,market,condition_not_met_before_supersession,,,
43bf1291f8556dacb888c50d25c7d4d296a0f691a5c016a2f0631981e83508b9,2026-08-05,BTC-USD,70f2704346e88187bfda1a087961998847547bf3c3787a22e4fb99c6da2ab7fb,stop_daily_close_62200,hard_reduce_62200,sell,market,condition_not_met_before_supersession,,,
5e7f2896deae0310d20d3e927f9d609c3af8610fe6aa9562451808176692f315,2026-08-05,BTC-USD,70f2704346e88187bfda1a087961998847547bf3c3787a22e4fb99c6da2ab7fb,trend_build_70800_etf,initial_build_25pct,buy,market,condition_not_met_before_supersession,,,
2bec8559b17597206a07face41aa153fcb93493dabbcdf0240b62fe8cfbb5086,2026-08-05,BTC-USD,70f2704346e88187bfda1a087961998847547bf3c3787a22e4fb99c6da2ab7fb,trend_build_70800_etf,pullback_add_25pct,buy,limit,condition_not_met_before_supersession,,,
a04c113e16ffcae2f4c223960bbaf3afa19e6b2fb59fe007212788017c707951,2026-08-07,BTC-USD,f45877eaef2d2e327245c55ca65b21add9c45190ad61a293cad4fdbe4488a5e7,exit_daily_close_57500,exit_all_57500,sell,market,condition_not_met_before_supersession,,,
fedd8ead86820f9411cc5144862403f8b52a3d045510e2e281efbd898cde7adc,2026-08-07,BTC-USD,f45877eaef2d2e327245c55ca65b21add9c45190ad61a293cad4fdbe4488a5e7,right_side_add_70509,right_add_70509,buy,market,condition_not_met_before_supersession,,,
ccbe592f94637df0aaab0010249f94334b38e6a93d8d490cef0bc5850736cd55,2026-08-07,BTC-USD,f45877eaef2d2e327245c55ca65b21add9c45190ad61a293cad4fdbe4488a5e7,left_ladder_60k_55k_50k,left_buy_60000,buy,limit,cancelled_by_new_plan,,,
8389481cc29ed69776c4d580b2a1977bfcd18fbd454e55b0cf030dd102841fcf,2026-08-07,BTC-USD,f45877eaef2d2e327245c55ca65b21add9c45190ad61a293cad4fdbe4488a5e7,left_ladder_60k_55k_50k,left_buy_55000,buy,limit,cancelled_by_new_plan,,,
ce427b6c1c70632e90858789c8fa3fb8aff39ecb00a7eaaa0de23239462aa046,2026-08-07,BTC-USD,f45877eaef2d2e327245c55ca65b21add9c45190ad61a293cad4fdbe4488a5e7,left_ladder_60k_55k_50k,left_buy_50000,buy,limit,cancelled_by_new_plan,,,
dee0482a765e0f35320cd45e5f1d96cd272d3ade743fb5f20b5758e0298ab8c1,2026-08-07,BTC-USD,f45877eaef2d2e327245c55ca65b21add9c45190ad61a293cad4fdbe4488a5e7,tactical_reduce_66k_69k,reduce_66k_69k,sell,market,condition_not_met_before_supersession,,,
72761d682e882d3cf5e8a682a9610bbee538fc086c1470ea5ba070bacc44bee2,2026-08-08,BTC-USD,cd5c12bd0c0b0d6f4a76f090708aa3857bf5b1170ca8e5c0cd5d355e6db64906,first_entry_62800_63500,first_batch_62800_63500,buy,market,condition_not_met_before_supersession,,,
26b8570668fea24fd84dce4ab53cb0e003223b21ac99876ca58148cb2dfcedd2,2026-08-08,BTC-USD,cd5c12bd0c0b0d6f4a76f090708aa3857bf5b1170ca8e5c0cd5d355e6db64906,second_entry_67000,second_batch_67000,buy,market,condition_not_met_before_supersession,,,
5898bf7c013be1a6ce469fad1120f603aa1381d91bd7272d4db10b7ccc65baf0,2026-08-08,BTC-USD,cd5c12bd0c0b0d6f4a76f090708aa3857bf5b1170ca8e5c0cd5d355e6db64906,third_entry_200dma,third_batch_200dma,buy,market,condition_not_met_before_supersession,,,
63f693283ceecab21189fad617ce990035f03a57da04647715ab1a1fab5ed132,2026-08-09,BTC-USD,91234705c22ca8ca82ea3a97f80724d5ca4c3d2f65601c210f8b151393c06995,initial_entry_64880,initial_entry_64880,buy,limit,filled,2026-08-09T01:00:00+00:00,64880.0,0.028956562871847943
b86478be0d28d9b213d300fe0c7d598955c424d9aeb95d841970ccb7303859e8,2026-08-09,BTC-USD,91234705c22ca8ca82ea3a97f80724d5ca4c3d2f65601c210f8b151393c06995,second_entry_65500,second_entry_65500,buy,market,condition_not_met_before_supersession,,,
6dfa4417791df98b8824945d97d444ab0b415b3cab6247d169d6b22cd5dd8d76,2026-08-09,BTC-USD,91234705c22ca8ca82ea3a97f80724d5ca4c3d2f65601c210f8b151393c06995,third_entry_62000_63000,third_entry_62000_63000,buy,market,condition_not_met_before_supersession,,,
e832f234dc98fb5b2ae84eb3e5b8d83ad5162030702f0a5d164119abbd21e492,2026-08-09,BTC-USD,91234705c22ca8ca82ea3a97f80724d5ca4c3d2f65601c210f8b151393c06995,hard_stop_61700,stop_exit_61700,sell,market,condition_not_met_before_supersession,,,
873acfd143973b754c81c7ddfbae187337082daedd585420eb3af17fc3b66c03,2026-08-09,BTC-USD,91234705c22ca8ca82ea3a97f80724d5ca4c3d2f65601c210f8b151393c06995,take_profit_69500_70200,tp_1_69500,sell,limit,condition_not_met_before_supersession,,,
14c8426bf126f4b354e239b7070c86c44350a49de7071c137480149d32ec2e25,2026-08-09,BTC-USD,91234705c22ca8ca82ea3a97f80724d5ca4c3d2f65601c210f8b151393c06995,take_profit_69500_70200,tp_2_70200,sell,limit,condition_not_met_before_supersession,,,
cf19dbf36b236f6490b636f1af1bf1240951dec38a4889ac5b87ab326fa3a7ea,2026-08-10,BTC-USD,402d72788dc21c21a65500c4c85929b2dd1bfdc53a9d444aaa34e9f5219c7862,tactical_entry_63300_64000,tactical_buy_1,buy,limit,condition_not_met_before_supersession,,,
c6400c9c601d2fd78d91e67210f22541de698fcd83fd5af5d901d0c31ece858b,2026-08-10,BTC-USD,402d72788dc21c21a65500c4c85929b2dd1bfdc53a9d444aaa34e9f5219c7862,main_breakout_pullback,main_buy_1,buy,limit,condition_not_met_before_supersession,,,
fcf984252e5a5d2340b3b77e46d067102f7cec640827a821849f55c1dd7161d2,2026-08-10,BTC-USD,402d72788dc21c21a65500c4c85929b2dd1bfdc53a9d444aaa34e9f5219c7862,macro_capitulation_entry,macro_buy_1,buy,limit,condition_not_met_before_supersession,,,
b9aab25412234d8141979cb363bf5cc21ff67d15df287cec797e34b0f6781a33,2026-08-10,BTC-USD,402d72788dc21c21a65500c4c85929b2dd1bfdc53a9d444aaa34e9f5219c7862,protect_stop_62200,stop_sell_1,sell,market,condition_not_met_before_supersession,,,
c1b757796b692f88ea2c722ac33085ca6c9e2ffcb6902639bd4d246ae57562cb,2026-08-11,BTC-USD,fd3508f35c1d9addbcf4b31e3f90b8fa605f622190cbee3791d4c52611bcc629,tactical_reduce_rebound,reduce_tactical_rebound,sell,market,condition_not_met_before_supersession,,,
61261736613b9df9826957b99bbeeaf714cb5bfd4c17143ae2831f7cd18dcc39,2026-08-11,BTC-USD,fd3508f35c1d9addbcf4b31e3f90b8fa605f622190cbee3791d4c52611bcc629,dip_buy_58000_60000,dip_buy_58000_60000,buy,limit,condition_not_met_before_supersession,,,
9a502d594c1a1dbbf29ce90c9e2de1b9f74ee854f1e69d2ce5e6d358a7665c76,2026-08-11,BTC-USD,fd3508f35c1d9addbcf4b31e3f90b8fa605f622190cbee3791d4c52611bcc629,weekly_breakout_67000,breakout_buy_67000,buy,market,condition_not_met_before_supersession,,,
d5eed9ae31e8d63f4ac5549061cb23c85f5145d13b44535fe08433cdbf13b809,2026-08-11,BTC-USD,fd3508f35c1d9addbcf4b31e3f90b8fa605f622190cbee3791d4c52611bcc629,weekly_close_below_62200,reduce_on_62200_close,sell,market,condition_not_met_before_supersession,,,
7c2ec8258a6bbc401bdb60d0f0138f9014ad5e1546f73b65c991e2c9f7e0f2e7,2026-08-11,BTC-USD,fd3508f35c1d9addbcf4b31e3f90b8fa605f622190cbee3791d4c52611bcc629,usdjpy_shock_full_exit,full_exit_usdjpy_shock,sell,market,condition_not_met_before_supersession,,,
13c9d3da20a415c8de534af836c06b4e4a125df7371a04cdc88df0004e5647a3,2026-08-12,BTC-USD,6cf13d49b502844f65beebe722e249d6e544823b5ab76098b65feb85ac8147d6,initial_entry_63000,entry_63000,buy,market,condition_not_met_before_supersession,,,
1846ba7f9a5a4252000629972b3088559c232c0f7128ef7513d6a2fc0fa69df3,2026-08-12,BTC-USD,6cf13d49b502844f65beebe722e249d6e544823b5ab76098b65feb85ac8147d6,limit_ladder_60000_58500,limit_buy_60000,buy,limit,cancelled_by_new_plan,,,
ce7ed077c77e5055ede0fe17499004e5da6e786e9991ec210756f7e1d9a4efd6,2026-08-12,BTC-USD,6cf13d49b502844f65beebe722e249d6e544823b5ab76098b65feb85ac8147d6,limit_ladder_60000_58500,limit_buy_58500,buy,limit,cancelled_by_new_plan,,,
6915ece61272379b44cef8faf5088faed3bc0dcbee40f95affbdcfc5f1c71b84,2026-08-12,BTC-USD,6cf13d49b502844f65beebe722e249d6e544823b5ab76098b65feb85ac8147d6,breakout_confirmation_add,breakout_buy_66500,buy,market,condition_not_met_before_supersession,,,
c43a2f13880587b304c3a231685de9b6829c5580f487d89318b108ec492a605d,2026-08-12,BTC-USD,6cf13d49b502844f65beebe722e249d6e544823b5ab76098b65feb85ac8147d6,trend_confirmation_add,trend_buy_70000,buy,market,condition_not_met_before_supersession,,,
7b263eef98b00b144120006b3449ead1438221298b7022983e0299ba38ec00a5,2026-08-12,BTC-USD,6cf13d49b502844f65beebe722e249d6e544823b5ab76098b65feb85ac8147d6,hard_stop_weekly_close_below_57000,exit_weekly_57000,sell,market,condition_not_met_before_supersession,,,
f70aef7242f41fecba791c85c7e86c151e760c1dae4f8f9987e7cbd773847b27,2026-08-12,BTC-USD,6cf13d49b502844f65beebe722e249d6e544823b5ab76098b65feb85ac8147d6,take_profit_85000,tp_85000_reduce,sell,market,condition_not_met_before_supersession,,,
057ccda1613dd5e741dc195f7047c2fde1e899dbd8d1dc59549687006f79c930,2026-08-12,BTC-USD,6cf13d49b502844f65beebe722e249d6e544823b5ab76098b65feb85ac8147d6,take_profit_100000,tp_100000_reduce,sell,market,condition_not_met_before_supersession,,,
b98312b8be5157ffb5b59529d2c973ef0809b12b2899cd88bce623963622176f,2026-08-13,BTC-USD,8ac7ebcfe5edb22019fc9ad1fa2cae00f34da8309d531f6a555070c9c7e1239c,initial_entry_62200_63500,entry_initial_63500,buy,limit,rejected_by_portfolio_state,,,
69dcdbc7c3ad4841d4c57a86dfb6d20f7473d580569690bf0f25a63f579ff02c,2026-08-13,BTC-USD,8ac7ebcfe5edb22019fc9ad1fa2cae00f34da8309d531f6a555070c9c7e1239c,second_entry_combined,entry_second,buy,market,condition_not_met_before_supersession,,,
c80694a96c0d212cf7a226673c9b779909865f54b7b26da326600d99788871c1,2026-08-13,BTC-USD,8ac7ebcfe5edb22019fc9ad1fa2cae00f34da8309d531f6a555070c9c7e1239c,confirmation_add_first,entry_confirm_first,buy,market,condition_not_met_before_supersession,,,
e87c19eefd01944ffad436a6e0de83c8e349e976746004a8e857e3e6b8fa983d,2026-08-13,BTC-USD,8ac7ebcfe5edb22019fc9ad1fa2cae00f34da8309d531f6a555070c9c7e1239c,confirmation_add_final,entry_confirm_final,buy,market,condition_not_met_before_supersession,,,
242abc3a412adbb47cfeee3e3985cae557fc8aa67077bb32174de6597c72d7a4,2026-08-13,BTC-USD,8ac7ebcfe5edb22019fc9ad1fa2cae00f34da8309d531f6a555070c9c7e1239c,warning_reduce_60000,reduce_warning_60000,sell,market,condition_not_met_before_supersession,,,
0adc36065856e896265964c7a6dff0261a88926b7714f67b91eb279aa5a1ac55,2026-08-13,BTC-USD,8ac7ebcfe5edb22019fc9ad1fa2cae00f34da8309d531f6a555070c9c7e1239c,hard_stop_57900,exit_hard_stop_57900,sell,market,condition_not_met_before_supersession,,,
e020b8bc3ecdd8c42e0caa9848117e80c95d9d109c323b74a268f8194a37668c,2026-08-13,BTC-USD,8ac7ebcfe5edb22019fc9ad1fa2cae00f34da8309d531f6a555070c9c7e1239c,tp_and_runner_80000,tp_first_reduce,sell,market,condition_not_met_before_supersession,,,
40a43d3014d0df7a80a410ecd791b12b9a0d23e4f5d118947f7c6113a6045549,2026-08-13,BTC-USD,8ac7ebcfe5edb22019fc9ad1fa2cae00f34da8309d531f6a555070c9c7e1239c,tp_and_runner_80000,tp_runner_80000,sell,limit,condition_not_met_before_supersession,,,
6e3c7ba5c2f239a9c7701c0493f9ee7818cef7a6a54fa5b2af85ff25961a0da2,2026-08-13,BTC-USD,8ac7ebcfe5edb22019fc9ad1fa2cae00f34da8309d531f6a555070c9c7e1239c,time_stop_62200_66900,reduce_time_stop,sell,market,condition_not_met_before_supersession,,,
f95a9cd37e18995690f63f70d6e7b2e74c3a66f47846e133176ddbcf899152af,2026-08-14,BTC-USD,9756180599d1e9a624d8b11ab99f8482e6ef4cff310b438492e64468bfbc1c01,rebound_reduce_66000_67500,reduce_rebound_1,sell,limit,condition_not_met_before_supersession,,,
ac22357d822273090561d78d596f5700a287f2d2a906750cf043eed6d25ae686,2026-08-14,BTC-USD,9756180599d1e9a624d8b11ab99f8482e6ef4cff310b438492e64468bfbc1c01,rebound_reduce_66000_67500,reduce_rebound_2,sell,limit,condition_not_met_before_supersession,,,
6b0ad15681edd0db2a96ef726cfd501ac8b49aa227341d709ad3d11a06c4af70,2026-08-14,BTC-USD,9756180599d1e9a624d8b11ab99f8482e6ef4cff310b438492e64468bfbc1c01,weekly_reduce_below_62000,reduce_weekly_62000,sell,market,condition_not_met_before_supersession,,,
cd13521bb105ac9c7726368663e9f956275928053950f226080cfad827cb4227,2026-08-14,BTC-USD,9756180599d1e9a624d8b11ab99f8482e6ef4cff310b438492e64468bfbc1c01,weekly_exit_below_58000,exit_weekly_58000,sell,market,condition_not_met_before_supersession,,,
52991400126f55eb7bd83c583afd7e645da72f0c9a67dd5d2e1582a32f80010c,2026-08-15,BTC-USD,d67b137e1edc461cab52ea2965cf846c4ca254f72d491bffe759886c01a92797,rebound_reduce_64000_66000,reduce_rebound_1,sell,limit,condition_not_met_before_supersession,,,
156432f58b19122eb9fe26474475b6633d2d5bbd2492bb2d11f8191d1a0d7d98,2026-08-15,BTC-USD,d67b137e1edc461cab52ea2965cf846c4ca254f72d491bffe759886c01a92797,rebound_reduce_64000_66000,reduce_rebound_2,sell,limit,condition_not_met_before_supersession,,,
4f25a82d8c303612d7a126a0396193635956b7344b87f950226b546411b88834,2026-08-15,BTC-USD,d67b137e1edc461cab52ea2965cf846c4ca254f72d491bffe759886c01a92797,daily_reduce_below_62000,reduce_daily_62000,sell,market,condition_not_met_before_supersession,,,
c5c182c18731355024311c83369b554f206e2ed25ce78d808bf50940355e90e5,2026-08-15,BTC-USD,d67b137e1edc461cab52ea2965cf846c4ca254f72d491bffe759886c01a92797,exit_below_58000,exit_58000,sell,market,condition_not_met_before_supersession,,,
7357ebb33f60ec40e1951ae6da3629b5a6fd7873ace0dcce5c21a43465e52ed5,2026-08-16,BTC-USD,d054d882785a0410c78b39f235c9415a43fccfc81d60fc6e8b8e8cbcc92fd2a1,rebound_reduce_63500_65300,reduce_63500,sell,limit,filled,2026-08-17T03:00:00+00:00,63500.0,0.016966780858637516
9a4f0cba898a504d002498a4494830473876842177f96010250cb538e5cf625e,2026-08-16,BTC-USD,d054d882785a0410c78b39f235c9415a43fccfc81d60fc6e8b8e8cbcc92fd2a1,rebound_reduce_63500_65300,reduce_65300,sell,limit,cancelled_by_new_plan,,,
76fa87162b84669b57ad4e95670b57ca592da9546e02a84f4914a4f6cdf9f0c8,2026-08-16,BTC-USD,d054d882785a0410c78b39f235c9415a43fccfc81d60fc6e8b8e8cbcc92fd2a1,daily_close_below_62400,exit_62400,sell,market,condition_not_met_before_supersession,,,
9d36de42514be53fe1417dbfad9e84ddb2c40e60ba64359725950e162d86ad57,2026-08-18,BTC-USD,622473b454cfee0b3d891ca1df817ba7dc92aa2d045c5d2ca43a865583f9904e,hard_stop_below_57700,exit_57700,sell,market,condition_not_met_before_supersession,,,
b2b93e20d12551858c422cc4b4f4548a01a08c6676c625fcb6911b819458322f,2026-08-18,BTC-USD,622473b454cfee0b3d891ca1df817ba7dc92aa2d045c5d2ca43a865583f9904e,initial_entry_64300,buy_initial_64300,buy,limit,rejected_by_portfolio_state,,,
27950f639a5bde69014231cb57731e1bfb57ef0490706f9dbd88b9b09c1b8252,2026-08-18,BTC-USD,622473b454cfee0b3d891ca1df817ba7dc92aa2d045c5d2ca43a865583f9904e,pullback_62200_63000,buy_63000,buy,limit,condition_not_met_before_supersession,,,
fca3b7af69360a4b7743a7d0ef272f272e25273ef5e7e11e66177eae5fa14d30,2026-08-18,BTC-USD,622473b454cfee0b3d891ca1df817ba7dc92aa2d045c5d2ca43a865583f9904e,pullback_62200_63000,buy_62200,buy,limit,condition_not_met_before_supersession,,,
2311d87581acd6784f667c83269a4015bf13169841e4e4d0179dc86912bf18fa,2026-08-18,BTC-USD,622473b454cfee0b3d891ca1df817ba7dc92aa2d045c5d2ca43a865583f9904e,deeper_pullback_60000_61000,buy_61000,buy,limit,condition_not_met_before_supersession,,,
6fbe452f2c99506aa2039da1de71a2d5a475cdd2087096490de013d940375f29,2026-08-18,BTC-USD,622473b454cfee0b3d891ca1df817ba7dc92aa2d045c5d2ca43a865583f9904e,deeper_pullback_60000_61000,buy_60000,buy,limit,condition_not_met_before_supersession,,,
435430f35216321da39f34c565ebf172dda01f11b6d441bbd1387f23be209e64,2026-08-18,BTC-USD,622473b454cfee0b3d891ca1df817ba7dc92aa2d045c5d2ca43a865583f9904e,breakout_add_65300_67000,buy_breakout,buy,market,condition_not_met_before_supersession,,,
d2f460876578194912d5e141295bd37665299f1d501f00b9cd12ce1c39e554e7,2026-08-18,BTC-USD,622473b454cfee0b3d891ca1df817ba7dc92aa2d045c5d2ca43a865583f9904e,take_profit_67000_70000,tp_67000,sell,limit,condition_not_met_before_supersession,,,
099fa58db749091720abea992491f0a20a423b39218feb554e99189cd21b6b4a,2026-08-18,BTC-USD,622473b454cfee0b3d891ca1df817ba7dc92aa2d045c5d2ca43a865583f9904e,take_profit_67000_70000,tp_70000,sell,limit,condition_not_met_before_supersession,,,
87663debbbd5858d09e124b38ac4e7ee14f6d6f32c6b8b00939624005c1b61ec,2026-08-18,BTC-USD,622473b454cfee0b3d891ca1df817ba7dc92aa2d045c5d2ca43a865583f9904e,final_add_67000,buy_final,buy,market,condition_not_met_before_supersession,,,
14f9616e5f2aedb47645032a0c03bdf99e94084ea192ff4ad2ff9d6386da181d,2026-08-18,BTC-USD,622473b454cfee0b3d891ca1df817ba7dc92aa2d045c5d2ca43a865583f9904e,event_risk_reduce,reduce_event,sell,market,condition_not_met_before_supersession,,,
7482dd1b1592e55ab3711369b143b8c0f20be81a56a5f05a4f1d8f4dc0d7d70c,2026-08-19,BTC-USD,6177faad2c40347a0927b5129eee10ea601734f648c0170c2b4820918ab3dd0b,hard_exit_weekly_54000,exit_weekly_54000,sell,market,condition_not_met_before_supersession,,,
358136ecdd526c2e9b267d05f6e087cfbd36db79f0db21ed20fe5f922695c6ef,2026-08-19,BTC-USD,6177faad2c40347a0927b5129eee10ea601734f648c0170c2b4820918ab3dd0b,stop_new_reduce_62300,reduce_starter_62300,sell,market,condition_not_met_before_supersession,,,
92681dd1c649347a3a534ea56391f6dc149d1f0cb228208d720aea602d1f2343,2026-08-19,BTC-USD,6177faad2c40347a0927b5129eee10ea601734f648c0170c2b4820918ab3dd0b,initial_entry_63800_64000,buy_initial_64000,buy,limit,cancelled_by_new_plan,,,
bad72b60e40e5051ded59a1fea337d91b865b8204da26ac5b3849fac9cd31c89,2026-08-19,BTC-USD,6177faad2c40347a0927b5129eee10ea601734f648c0170c2b4820918ab3dd0b,initial_entry_63800_64000,buy_initial_63800,buy,limit,cancelled_by_new_plan,,,
dbfc14f10074031681209a5f2370e0f2391bb9dcbc6ab0064d1802754ca2830e,2026-08-19,BTC-USD,6177faad2c40347a0927b5129eee10ea601734f648c0170c2b4820918ab3dd0b,pullback_tranches_61500_60000,buy_second_62500,buy,limit,condition_not_met_before_supersession,,,
a592ab5004a752562a7a2a8f3e556ba0b8d6c5a6e054f2256ad5422648b93ca7,2026-08-19,BTC-USD,6177faad2c40347a0927b5129eee10ea601734f648c0170c2b4820918ab3dd0b,pullback_tranches_61500_60000,buy_second_61500,buy,limit,condition_not_met_before_supersession,,,
971f41c1b4f37bd7618fd463137049fc38256d1cf48b0ef20e46c46d8d9b2309,2026-08-19,BTC-USD,6177faad2c40347a0927b5129eee10ea601734f648c0170c2b4820918ab3dd0b,pullback_tranches_61500_60000,buy_third_60000,buy,limit,condition_not_met_before_supersession,,,
09a395cd5b9d0bb91c2193f669fe6dc60c019cd61b68f507fb19996f1ae5c0cc,2026-08-19,BTC-USD,6177faad2c40347a0927b5129eee10ea601734f648c0170c2b4820918ab3dd0b,pullback_tranches_61500_60000,buy_third_58500,buy,limit,condition_not_met_before_supersession,,,
0560c1c1439efbd140d3ac6ae096543a1f23e5b6f83432dba438f08be5b4b597,2026-08-19,BTC-USD,6177faad2c40347a0927b5129eee10ea601734f648c0170c2b4820918ab3dd0b,breakout_add_65400,buy_breakout_65400,buy,market,rejected_by_portfolio_state,,,
916547a1bab1f416722dfde13972ac7207897a893a6159c759829049926ac4e0,2026-08-19,BTC-USD,6177faad2c40347a0927b5129eee10ea601734f648c0170c2b4820918ab3dd0b,momentum_stop_63800,stop_momentum_63800,sell,market,condition_not_met_before_supersession,,,
cda01d4d6526206b6452c517b592fc8711333af8049ef61db17ba2449a21c895,2026-08-19,BTC-USD,6177faad2c40347a0927b5129eee10ea601734f648c0170c2b4820918ab3dd0b,take_profit_66900,tp_66900,sell,limit,filled,2026-08-19T15:00:00+00:00,66900.0,0.012725085643978137
3e14b9b0192ba3decf8b836cd30a4ac19ad51b4c6f2135da489e4ca6879e1c24,2026-08-19,BTC-USD,6177faad2c40347a0927b5129eee10ea601734f648c0170c2b4820918ab3dd0b,take_profit_69000_reject,tp_69000_reject,sell,market,condition_not_met_before_supersession,,,
e8ebe72b3db0881a81a2ac7fdebc5b95e565e72d444ab362fc6b2c076afb6e1d,2026-08-21,BTC-USD,7028616b4986288b67d579b7947d6167ca3841e8f71f6932e9da9a343e4e1a97,hard_stop_66000,exit_below_66000,sell,market,condition_not_met_before_supersession,,,
7a08cc15064234fc049f653875b063984e451cc0baa0d46510475a830cbf9544,2026-08-21,BTC-USD,7028616b4986288b67d579b7947d6167ca3841e8f71f6932e9da9a343e4e1a97,primary_pullback_entry,buy_limit_70000,buy,limit,cancelled_by_new_plan,,,
ca39e6e9d72cf366271bb994109812621c76659334da24d4f2d9b74fa5799ec3,2026-08-21,BTC-USD,7028616b4986288b67d579b7947d6167ca3841e8f71f6932e9da9a343e4e1a97,primary_pullback_entry,buy_limit_69000,buy,limit,cancelled_by_new_plan,,,
25ffde38ae34cf65b1e2f6aec497b9dbf004d992f7f54515f1c651019ea133e3,2026-08-21,BTC-USD,7028616b4986288b67d579b7947d6167ca3841e8f71f6932e9da9a343e4e1a97,breakout_retest_first,buy_limit_78000_first,buy,limit,filled,2026-08-22T01:00:00+00:00,77983.97249999999,0.012116982068700115
b1377b66ccb0cbf58afe3e6f467fc900fa92f7ea96bf3e83fdfd9465399e9588,2026-08-21,BTC-USD,7028616b4986288b67d579b7947d6167ca3841e8f71f6932e9da9a343e4e1a97,breakout_retest_first,buy_limit_76000_first,buy,limit,cancelled_by_new_plan,,,
90a4cf976d4b846aa6f3b74c527a879c721b6ea016c094bd0c1b065c5ff9c478,2026-08-21,BTC-USD,7028616b4986288b67d579b7947d6167ca3841e8f71f6932e9da9a343e4e1a97,breakout_retest_add,buy_limit_78000_add,buy,limit,condition_not_met_before_supersession,,,
efeef6243619790b805474362cc89752c6d88f5a64f08820312e10fb52d61d13,2026-08-21,BTC-USD,7028616b4986288b67d579b7947d6167ca3841e8f71f6932e9da9a343e4e1a97,breakout_retest_add,buy_limit_76000_add,buy,limit,condition_not_met_before_supersession,,,
9bf85f1d238ff6d5d5ddb29abf8db1e5f04289c5636d50ce9e56ead9d189ca65,2026-08-21,BTC-USD,7028616b4986288b67d579b7947d6167ca3841e8f71f6932e9da9a343e4e1a97,reclaim_69000_add,buy_market_69000_reclaim,buy,market,filled,2026-08-20T23:00:00+00:00,72713.9388,0.025987450715828506
86e0c3f182d128a9ca3ab3d016bd06ce4383217d4745ecb04bd127721598216a,2026-08-21,BTC-USD,7028616b4986288b67d579b7947d6167ca3841e8f71f6932e9da9a343e4e1a97,target_1_74900,sell_limit_74900,sell,limit,filled,2026-08-21T02:00:00+00:00,75093.53445,0.019087628465967205
5d10bbb71324d5f427483b9d207f68bacfda609a06fb2312090dcc26a6af5c42,2026-08-21,BTC-USD,7028616b4986288b67d579b7947d6167ca3841e8f71f6932e9da9a343e4e1a97,target_1_74900,sell_stop_69500,sell,stop_market,cancelled_by_new_plan,,,
6e118142f06fd76e1fd50c06b9103f5d1b5babe19b84bbd2694e57a75507655a,2026-08-21,BTC-USD,7028616b4986288b67d579b7947d6167ca3841e8f71f6932e9da9a343e4e1a97,target_2_79500,sell_limit_77000,sell,limit,filled,2026-08-21T09:00:00+00:00,79230.5649,0.009543814232983602
e8a5e8e993d9af7e6571fb0eea0eb783bc6317374e379534c40ffde6509a15ab,2026-08-21,BTC-USD,7028616b4986288b67d579b7947d6167ca3841e8f71f6932e9da9a343e4e1a97,target_2_79500,sell_limit_79500,sell,limit,cancelled_by_new_plan,,,
0757d22353f1cbd6f9de8f535c21e7338feb6c9406cb64cf9a3ff21e4ad184c8,2026-08-21,BTC-USD,7028616b4986288b67d579b7947d6167ca3841e8f71f6932e9da9a343e4e1a97,extension_95000,sell_limit_95000,sell,limit,cancelled_by_new_plan,,,
a4425faa303798a5329c7abfbaae06be79b3e34265c071e6a48702eb5749f428,2026-08-23,BTC-USD,7f5ca7dc324fbd539d2593ffd881143f3380e0260eaee9ed1787d5e7715af9cc,hard_stop_69000,sell_market_69000,sell,market,condition_not_met_before_supersession,,,
b07474fe812238c612d6147cd2b89b0ed79ac51852fddfa6783f634817614863,2026-08-23,BTC-USD,7f5ca7dc324fbd539d2593ffd881143f3380e0260eaee9ed1787d5e7715af9cc,hard_stop_62000,sell_market_62000,sell,market,condition_not_met_before_supersession,,,
7c2c9fb59047f5b4b13254b59da7caf453ef4c407d33aafa18c149263cf5766d,2026-08-23,BTC-USD,7f5ca7dc324fbd539d2593ffd881143f3380e0260eaee9ed1787d5e7715af9cc,initial_entry_77000,buy_limit_77000,buy,limit,filled,2026-08-22T22:00:00+00:00,76889.72565,0.013462814985785752
8ab31e3e25c3bf305693bfb292b4ed13e07f37b9edf12ced90d20937572be1c3,2026-08-23,BTC-USD,7f5ca7dc324fbd539d2593ffd881143f3380e0260eaee9ed1787d5e7715af9cc,pullback_adds,buy_limit_74000,buy,limit,condition_not_met_before_supersession,,,
78e0d092282621968eae1b287f56076ff907d996c8fae3797246d9a3222dc058,2026-08-23,BTC-USD,7f5ca7dc324fbd539d2593ffd881143f3380e0260eaee9ed1787d5e7715af9cc,pullback_adds,buy_limit_71000,buy,limit,condition_not_met_before_supersession,,,
d01430dd6da3988e428be2b134d2a358d2d0dc63d92ea38368695c2ab4d3f97c,2026-08-23,BTC-USD,7f5ca7dc324fbd539d2593ffd881143f3380e0260eaee9ed1787d5e7715af9cc,pullback_adds,buy_limit_69500,buy,limit,condition_not_met_before_supersession,,,
b323703f13b7ee319db15f6b59bbce6432b383f7f145415a8ceee0c10468ff0c,2026-08-23,BTC-USD,7f5ca7dc324fbd539d2593ffd881143f3380e0260eaee9ed1787d5e7715af9cc,breakout_retest_add,buy_limit_80000,buy,limit,condition_not_met_before_supersession,,,
8118e667badd1a60df4e255b85a7b7ee256b901cd6a426d0ea217be4eb5f5b7a,2026-08-23,BTC-USD,7f5ca7dc324fbd539d2593ffd881143f3380e0260eaee9ed1787d5e7715af9cc,target_82800,sell_limit_82800,sell,limit,condition_not_met_before_supersession,,,
f82b42dc94b277727c70163ef190915c2335818713d7ee775a4446fcae4875f6,2026-08-23,BTC-USD,7f5ca7dc324fbd539d2593ffd881143f3380e0260eaee9ed1787d5e7715af9cc,target_90000,sell_limit_90000,sell,limit,condition_not_met_before_supersession,,,
4695cd619828b1e57dc73fa6e8272de0b3c65f2bb6340ef7bf8422da52be2426,2026-08-23,BTC-USD,7f5ca7dc324fbd539d2593ffd881143f3380e0260eaee9ed1787d5e7715af9cc,target_126000,sell_limit_126000,sell,limit,condition_not_met_before_supersession,,,
42fbf3090008b02220475c496ef53af409a98ab99ef01dc43d770554f3709268,2026-08-24,BTC-USD,626dc95af2ce6d1093ae954a0227f1dbfbbd92a4634f34e7ee231dc3e5935539,core_stop_70000,sell_market_70000,sell,market,condition_not_met_before_supersession,,,
957bafca6054ee90d992d492719b8d8d3f277be8bbf4bf160c4bb6af169529e2,2026-08-24,BTC-USD,626dc95af2ce6d1093ae954a0227f1dbfbbd92a4634f34e7ee231dc3e5935539,breakout_stop_76500,sell_market_76500,sell,market,condition_not_met_before_supersession,,,
aa098e87d0bc03fbe1ea9d64cf75d8cf9da4a2651565191aa5ac64a6a7eb26a2,2026-08-24,BTC-USD,626dc95af2ce6d1093ae954a0227f1dbfbbd92a4634f34e7ee231dc3e5935539,entry_74200_73400,buy_limit_74200,buy,limit,cancelled_by_new_plan,,,
c23638057a89d64412c62bc8a1c44901722c408d1336bab7839b19287809c05a,2026-08-24,BTC-USD,626dc95af2ce6d1093ae954a0227f1dbfbbd92a4634f34e7ee231dc3e5935539,entry_74200_73400,buy_limit_73400,buy,limit,cancelled_by_new_plan,,,
c8bdd40a737bd0503fb48d9bb3997d41d82e3dbb4778e69d43ca93206a46fceb,2026-08-24,BTC-USD,626dc95af2ce6d1093ae954a0227f1dbfbbd92a4634f34e7ee231dc3e5935539,deep_add_71500_70500,buy_limit_71500,buy,limit,cancelled_by_new_plan,,,
2d71a62d78109b5a966ffbe77436971ffb925e9eda509e665ab118acef368ea2,2026-08-24,BTC-USD,626dc95af2ce6d1093ae954a0227f1dbfbbd92a4634f34e7ee231dc3e5935539,deep_add_71500_70500,buy_limit_70500,buy,limit,cancelled_by_new_plan,,,
1272d11961484e1a5f13a9d3ac0eb9bc41b3a7d9204267cf44806d7aa5214dd4,2026-08-24,BTC-USD,626dc95af2ce6d1093ae954a0227f1dbfbbd92a4634f34e7ee231dc3e5935539,breakout_add_79600,buy_market_79600,buy,market,condition_not_met_before_supersession,,,
c070d2464e86436cd240b0b17529d8662022fe68bdf6d6933e948c826bd076b3,2026-08-24,BTC-USD,626dc95af2ce6d1093ae954a0227f1dbfbbd92a4634f34e7ee231dc3e5935539,target_82800,sell_limit_82800,sell,limit,condition_not_met_before_supersession,,,
72002a3cabaea9867d906a20cae335c93bac5c6c68ce35141d7d06e3405d1ff7,2026-08-24,BTC-USD,626dc95af2ce6d1093ae954a0227f1dbfbbd92a4634f34e7ee231dc3e5935539,stall_at_82800,sell_market_82800,sell,market,condition_not_met_before_supersession,,,
4f5d58d97737cc637635627c7cd3c9562bd91111e532e3028cf516eb64c63cd7,2026-08-24,BTC-USD,626dc95af2ce6d1093ae954a0227f1dbfbbd92a4634f34e7ee231dc3e5935539,extended_targets_85000_90000,sell_limit_85000,sell,limit,condition_not_met_before_supersession,,,
e4484b7315fca4e2da53c38ad8c68c8af69d169415a3c5cf87bd04ad0edea95c,2026-08-24,BTC-USD,626dc95af2ce6d1093ae954a0227f1dbfbbd92a4634f34e7ee231dc3e5935539,extended_targets_85000_90000,sell_limit_90000,sell,limit,condition_not_met_before_supersession,,,
eb0297afa5672d59ba11044664c4e5a72a7e195ab5932bf3830463158dbdeadb,2026-08-25,BTC-USD,64ddf71801b62e5e32c9c2874bda7e7e5a1c0af170e3e671aaf7e0f74b5282db,core_stop_72000,sell_market_72000,sell,market,condition_not_met_before_supersession,,,
3949f1b1436137165b6bf9998049edf3cfac44769943d21745f2788768008fba,2026-08-25,BTC-USD,64ddf71801b62e5e32c9c2874bda7e7e5a1c0af170e3e671aaf7e0f74b5282db,reduce_first_80000,sell_limit_80000,sell,limit,filled,2026-08-25T02:00:00+00:00,80000.0,0.030555531001648983
e742b784150ba5c05c0a023fa058a74d7cb01ad0b1647e828fa5831ffc309ac0,2026-08-25,BTC-USD,64ddf71801b62e5e32c9c2874bda7e7e5a1c0af170e3e671aaf7e0f74b5282db,reduce_second_82500,sell_limit_82500,sell,limit,cancelled_by_new_plan,,,
e1dbf177f7ad549b906b0de8841bdc5d2228daab2f9719b4b5859256d452bb4d,2026-08-25,BTC-USD,64ddf71801b62e5e32c9c2874bda7e7e5a1c0af170e3e671aaf7e0f74b5282db,reentry_pullback_72000_75000,buy_limit_75000,buy,limit,condition_not_met_before_supersession,,,
c3a95f9e5ad3612123ac49a3ded422218c646d5484a68dfb512ed2f710761487,2026-08-25,BTC-USD,64ddf71801b62e5e32c9c2874bda7e7e5a1c0af170e3e671aaf7e0f74b5282db,reentry_pullback_72000_75000,buy_limit_72000,buy,limit,condition_not_met_before_supersession,,,
a92812a705d4b0b0278aeb677059c4d893450e0085720b9cf60b4649c7556cbf,2026-08-25,BTC-USD,64ddf71801b62e5e32c9c2874bda7e7e5a1c0af170e3e671aaf7e0f74b5282db,reentry_reclaim_82800,buy_limit_82800_1,buy,limit,condition_not_met_before_supersession,,,
a09140958ec16ded64fb11abe855e6579b8d9ca3d05ac3b741b15790c292b6b7,2026-08-25,BTC-USD,64ddf71801b62e5e32c9c2874bda7e7e5a1c0af170e3e671aaf7e0f74b5282db,reentry_reclaim_82800,buy_limit_82800_2,buy,limit,condition_not_met_before_supersession,,,
99af1e813a856b74a2f2903618a97d4d08054b56272f568417f2cbd7135eec71,2026-08-26,BTC-USD,aaf3816877e4d8604238edf4bcffbb2ae157d9ad11949cbea143b561ef64da39,invalidation_exit_69000_70000,sell_market_invalidation,sell,market,condition_not_met_before_supersession,,,
b6efbb6e7f3bda94593d319edd3f4858bc089d68bae8eac7f17810777ee28ae5,2026-08-26,BTC-USD,aaf3816877e4d8604238edf4bcffbb2ae157d9ad11949cbea143b561ef64da39,reduce_excess_rebound_82800_84000,sell_limit_82800,sell,limit,condition_not_met_before_supersession,,,
69e5d53445f47a58c2ce1088280c7217bfa8ff9db8811623816877ee4f144fe1,2026-08-26,BTC-USD,aaf3816877e4d8604238edf4bcffbb2ae157d9ad11949cbea143b561ef64da39,reduce_excess_rebound_82800_84000,sell_limit_84000,sell,limit,condition_not_met_before_supersession,,,
7268ab00754a5a751314e5adbe322c1ae6803bf8cee8ca82671ab5e80ee1e490,2026-08-26,BTC-USD,aaf3816877e4d8604238edf4bcffbb2ae157d9ad11949cbea143b561ef64da39,pullback_buy_74000_74500,buy_limit_74500,buy,limit,condition_not_met_before_supersession,,,
700f050d2cc5543af54e302e70965ba619aa74cb0cd5c45dfd5b257d1035dffc,2026-08-26,BTC-USD,aaf3816877e4d8604238edf4bcffbb2ae157d9ad11949cbea143b561ef64da39,pullback_buy_72000_72500,buy_limit_72500,buy,limit,condition_not_met_before_supersession,,,
417f175f20dc742288558d80a103eef5b0ec798ec08f4c3e081a32780708e523,2026-08-26,BTC-USD,aaf3816877e4d8604238edf4bcffbb2ae157d9ad11949cbea143b561ef64da39,pullback_buy_69500_70000,buy_limit_70000,buy,limit,condition_not_met_before_supersession,,,
3a6b683ccdff718fd1374ea562d405020e34cb69211970a7d152836f96cbdef4,2026-08-26,BTC-USD,aaf3816877e4d8604238edf4bcffbb2ae157d9ad11949cbea143b561ef64da39,breakout_buy_81000,buy_market_81000,buy,market,condition_not_met_before_supersession,,,
c9fe8079d4a1763f7406b2696f92a9516b61bb2de03bda30597ade729bfcecc6,2026-08-26,BTC-USD,aaf3816877e4d8604238edf4bcffbb2ae157d9ad11949cbea143b561ef64da39,breakout_retest_81000,buy_limit_81000_retest,buy,limit,condition_not_met_before_supersession,,,
3aa540a5d04efbd39ce10def26f9feb34eb00ac9ce9b2f81c064207c4b07316e,2026-08-26,BTC-USD,aaf3816877e4d8604238edf4bcffbb2ae157d9ad11949cbea143b561ef64da39,breakout_retest_79000,buy_limit_79000_retest,buy,limit,filled,2026-08-25T23:00:00+00:00,78926.4435,0.0052637483718168555
5be34182e8e380dd8b6fec0ee103b5af49508f1b4432f9dcabe242c746796670,2026-08-27,BTC-USD,237b4074cd1dd9fd107aa597d1f84525e1c857a2db8fe50d4281d58e74697d54,invalidation_exit_69000,sell_market_invalidation,sell,market,condition_not_met_before_supersession,,,
1be7d8bd2c12d3f9a31182be333fcb4d263a91c674b01c26493d84f040e49864,2026-08-27,BTC-USD,237b4074cd1dd9fd107aa597d1f84525e1c857a2db8fe50d4281d58e74697d54,reduce_weak_rebound_79000_81000,sell_market_reduce,sell,market,filled,2026-08-27T00:00:00+00:00,78991.6844,0.007163855874693168
dd40e74f607d9ad67e229eb97fee7f391f1a1f1a001afdd5d6bf8bca4ae3650a,2026-08-27,BTC-USD,237b4074cd1dd9fd107aa597d1f84525e1c857a2db8fe50d4281d58e74697d54,pullback_buy_73500_74700,buy_limit_74700,buy,limit,condition_not_met_before_supersession,,,
0714a0d882b52974154284f0d0f491c20c8b4841a382b577135db8c48165345f,2026-08-27,BTC-USD,237b4074cd1dd9fd107aa597d1f84525e1c857a2db8fe50d4281d58e74697d54,pullback_buy_70000_72000,buy_limit_72000,buy,limit,condition_not_met_before_supersession,,,
f45f5094a4ea69cd612949fddcbe7aa964f9c903bd040180e85e34ed8e610acd,2026-08-27,BTC-USD,237b4074cd1dd9fd107aa597d1f84525e1c857a2db8fe50d4281d58e74697d54,breakout_buy_81300,buy_market_81300,buy,market,condition_not_met_before_supersession,,,
eddb2520a35ea6a3bbf0c0825908e1a84d4ac860128e9ae43faf318a3d046cdf,2026-08-28,BTC-USD,d91ad561fb019f7ece5b725ac0f8b33760aa5b176316e53f1248e6c3c717d04d,invalidation_exit_69200,sell_market_invalidation,sell,market,condition_not_met_before_supersession,,,
4b9d6417f0ce9032b7812a27656b35b6ba448230694518c83f6a6635ae3098bb,2026-08-28,BTC-USD,d91ad561fb019f7ece5b725ac0f8b33760aa5b176316e53f1248e6c3c717d04d,initial_entry_80000,buy_market_initial,buy,market,filled,2026-08-27T22:00:00+00:00,80218.38915,0.021118375414206223
9469a9deb863f9452d8279e9cb04a5eabe734ec17a4fa78b828362361bc15fce,2026-08-28,BTC-USD,d91ad561fb019f7ece5b725ac0f8b33760aa5b176316e53f1248e6c3c717d04d,add1_76500_75500,buy_market_add1,buy,market,condition_not_met_before_supersession,,,
bf5c627183a52db32fa6fd777f003382279199ce1fc4397ade9464daeac0f520,2026-08-28,BTC-USD,d91ad561fb019f7ece5b725ac0f8b33760aa5b176316e53f1248e6c3c717d04d,add2_73500_74000,buy_market_add2,buy,market,condition_not_met_before_supersession,,,
3a87f937b0256740335f6c74a8f4e72fbae139cc72a0ef6a4d7e86e8fd7a1f78,2026-08-28,BTC-USD,d91ad561fb019f7ece5b725ac0f8b33760aa5b176316e53f1248e6c3c717d04d,breakout_83900,buy_market_breakout,buy,market,condition_not_met_before_supersession,,,
bf09aa390038070e10b6cd03af6c4c3269b550ba9cdaf422386351cafdcda132,2026-08-29,BTC-USD,6164c4e67fa92d48634e6339832af79af3267b9d14bcc73208bf363932bab0da,invalidation_exit_66400,sell_reduce_66400,sell,market,condition_not_met_before_supersession,,,
dd6e4ea8691089e3b4c0dfcdc35defdd80762a3403dd0a6a5034958bb23dc10b,2026-08-29,BTC-USD,6164c4e67fa92d48634e6339832af79af3267b9d14bcc73208bf363932bab0da,probe_73000_73200,buy_probe_73000,buy,market,condition_not_met_before_supersession,,,
20af3c08952c73a2d23a3f7dd152bfbf4ae7c138fa4cb5f0b05467c9e0fc6416,2026-08-29,BTC-USD,6164c4e67fa92d48634e6339832af79af3267b9d14bcc73208bf363932bab0da,pullback_67000_70000,buy_pullback_67000,buy,market,condition_not_met_before_supersession,,,
255c701e785394823f641d65876c389d5ccb6e278712c9ed9c2348e841672142,2026-08-29,BTC-USD,6164c4e67fa92d48634e6339832af79af3267b9d14bcc73208bf363932bab0da,drop_66000_66500,buy_drop_66000,buy,market,condition_not_met_before_supersession,,,
a59be064e9e413765a21b013db8ef8120ab40082c570d669eb1d7a06fc6814e5,2026-08-29,BTC-USD,6164c4e67fa92d48634e6339832af79af3267b9d14bcc73208bf363932bab0da,breakout_83000,buy_breakout_83000,buy,market,condition_not_met_before_supersession,,,
563ea1f37cbab5a29910cc42295d87ae6d144dea487d5342f0975e387ac687f7,2026-08-30,BTC-USD,c4673e77380e436146cab38b3cfb5d8b6ab41bb8639ec1d5c91fb2da2208ca8c,immediate_reduce_78000,sell_reduce_immediate,sell,market,filled,2026-08-29T22:00:00+00:00,78129.71560000001,0.024886899456489447
3c3923b812d54cf289e3b22a56669ae5b12ad4a163db7a3a403d1c13b0b9759b,2026-08-30,BTC-USD,c4673e77380e436146cab38b3cfb5d8b6ab41bb8639ec1d5c91fb2da2208ca8c,rally_supply_reduce,sell_reduce_rally,sell,market,condition_not_met_before_supersession,,,
fe339530ae2cb884ffcfed2e5281c9859a8eea7df3cb98f991a936d0830ebe02,2026-08-30,BTC-USD,c4673e77380e436146cab38b3cfb5d8b6ab41bb8639ec1d5c91fb2da2208ca8c,runner_stop_daily_close_73000,sell_exit_runner_stop,sell,market,condition_not_met_before_supersession,,,
0eb159c245917a64e2167f754bf14f69b2be5715c487c1b2d658a8af7cca6b7f,2026-08-30,BTC-USD,c4673e77380e436146cab38b3cfb5d8b6ab41bb8639ec1d5c91fb2da2208ca8c,breakout_reentry_86000,buy_breakout_reentry,buy,market,condition_not_met_before_supersession,,,
185f5f66105e2b6ff38f75dfd2dcc0b7b4b6dacc9be7e24455a7917e43ad4a4a,2026-08-30,BTC-USD,c4673e77380e436146cab38b3cfb5d8b6ab41bb8639ec1d5c91fb2da2208ca8c,washout_reentry_69000_72000,buy_washout_reentry,buy,market,condition_not_met_before_supersession,,,
281c0a47476e056844fd2b06fcc382d4622e2d8d06df645dafb25f3568e64d1a,2026-09-01,BTC-USD,8ef100cb5021913f2a83b62dd3a058f27cb19b06da04d7e3ef51966f2a29b809,take_profit_resistance_80300_82800,sell_partial_resistance,sell,market,condition_not_met_before_supersession,,,
ce291a68048a447557406b93bdd4bbc93e86bdcac8e6418f7c8beb968a065872,2026-09-01,BTC-USD,8ef100cb5021913f2a83b62dd3a058f27cb19b06da04d7e3ef51966f2a29b809,defensive_management_breakdown,sell_exit_defensive,sell,market,condition_not_met_before_supersession,,,
b11844cd215d42fbc7a58f0430832356e53fc5a636bc6c62d9156507a3aea6fb,2026-09-01,BTC-USD,8ef100cb5021913f2a83b62dd3a058f27cb19b06da04d7e3ef51966f2a29b809,breakout_long_weekly_82800,buy_breakout_initial,buy,market,condition_not_met_before_supersession,,,
f89a6c3140a8e635a01ea4afda3f23ea36608403df53207c374a2a498dda8bde,2026-09-01,BTC-USD,8ef100cb5021913f2a83b62dd3a058f27cb19b06da04d7e3ef51966f2a29b809,pullback_long_72000_75000,buy_pullback_initial,buy,market,condition_not_met_before_supersession,,,
d5cdf1b50f324d3ce127436fb593b15997d91ca3d4b2ced7c91960bd18f53ed2,2026-09-01,BTC-USD,8ef100cb5021913f2a83b62dd3a058f27cb19b06da04d7e3ef51966f2a29b809,hard_invalidation_weekly_69400,sell_exit_invalidation,sell,market,condition_not_met_before_supersession,,,
07852a6766876f967fcf0e43e8a1fc7c010b3248a9e08692f59e85c901422f93,2026-09-02,BTC-USD,639e5f740448fe81e7e1ec904e575d473e665ca1d2216998206a573603a3e46c,reduce_above_77000,sell_reduce_above_77000,sell,market,condition_not_met_before_supersession,,,
3ef37fdd1c6ea35b3e182c2f7ea5821b5d7b401f27bafaeaf7d7369a9dab934f,2026-09-02,BTC-USD,639e5f740448fe81e7e1ec904e575d473e665ca1d2216998206a573603a3e46c,buy_pullback_73000_73500,buy_first_pullback,buy,limit,condition_not_met_before_supersession,,,
fab0b29dadb351f3672a5aec538164720bb82151a9a7e7ac6c73dae6739f4c36,2026-09-02,BTC-USD,639e5f740448fe81e7e1ec904e575d473e665ca1d2216998206a573603a3e46c,buy_pullback_69500_70500,buy_second_pullback,buy,limit,condition_not_met_before_supersession,,,
ff78831748f963e0ee694e6d2a23dd52946fb2af61ef602ea7cb5b098376393f,2026-09-02,BTC-USD,639e5f740448fe81e7e1ec904e575d473e665ca1d2216998206a573603a3e46c,buy_breakout_81235,buy_breakout_confirmed,buy,market,condition_not_met_before_supersession,,,
851bbad4c0e251a498ced2e948ed280f11b8863b231cbda33e39c9149af9dd8c,2026-09-02,BTC-USD,639e5f740448fe81e7e1ec904e575d473e665ca1d2216998206a573603a3e46c,reduce_invalidation_69500,sell_reduce_invalidation,sell,market,condition_not_met_before_supersession,,,
6c078eecc6d43e2e8df9b66beb84a673d7c5aaacfa2a2c5947df026a7f7179cf,2026-09-03,BTC-USD,b351616f373e8ced51dd1d70b3da5403536e95e807e9d7c21c9f6066a28d5516,immediate_reduce_current,sell_reduce_now,sell,market,filled,2026-09-02T22:00:00+00:00,77247.15710000001,0.008287337519010986
f2893a95b47f7b97166ed885cc3907062a09bfbb282d361e53c8e60d4184063a,2026-09-03,BTC-USD,b351616f373e8ced51dd1d70b3da5403536e95e807e9d7c21c9f6066a28d5516,reduce_resistance_79000_80300,sell_reduce_resistance,sell,market,filled,2026-09-03T15:00:00+00:00,80512.42365,0.008287337519010986
8e92f89bec7da87b9b20b0f2e1f39ae78995b056417b31808a190f314151d5ae,2026-09-03,BTC-USD,b351616f373e8ced51dd1d70b3da5403536e95e807e9d7c21c9f6066a28d5516,reduce_break_76400,sell_reduce_breakdown,sell,market,condition_not_met_before_supersession,,,
6740267e57d3e67ca53cde58d3c90f08d4d9297652f543a3c1f71f12de00fa18,2026-09-03,BTC-USD,b351616f373e8ced51dd1d70b3da5403536e95e807e9d7c21c9f6066a28d5516,reduce_fail_69500,sell_reduce_69500,sell,market,condition_not_met_before_supersession,,,
5ada9b275367b28c237d11ea679ea37fc335ce2cd1a5312fed999d16eaa2fde5,2026-09-03,BTC-USD,b351616f373e8ced51dd1d70b3da5403536e95e807e9d7c21c9f6066a28d5516,buy_pullback_73900_75000,buy_reentry_first,buy,limit,condition_not_met_before_supersession,,,
86399a07bf4ca923129870e63a3e9b8abd3eb614d8d61e1b3a64b83c6fbc63e8,2026-09-03,BTC-USD,b351616f373e8ced51dd1d70b3da5403536e95e807e9d7c21c9f6066a28d5516,buy_pullback_69500_70500,buy_reentry_second,buy,limit,condition_not_met_before_supersession,,,
32a262e42147be646f800849191de110d2366dea921dd0edc86d55020faf9d2b,2026-09-04,BTC-USD,b05e82a89c0939f7715b675004beceb7c264e8d9dcb09501dd082198edc5ae5c,buy_first_76200_78000,buy_first_limit_78000,buy,limit,cancelled_by_new_plan,,,
2f33aae022d04d815b3f1e970057c8e9d6f9f07ccd6a5a22d1efe8a0bb1e1612,2026-09-04,BTC-USD,b05e82a89c0939f7715b675004beceb7c264e8d9dcb09501dd082198edc5ae5c,buy_second_70000_71000,buy_second_limit_71000,buy,limit,cancelled_by_new_plan,,,
89a359258d283f3d9390dae48de87ad079112d8a78c77356872d49da0deb2cbf,2026-09-04,BTC-USD,b05e82a89c0939f7715b675004beceb7c264e8d9dcb09501dd082198edc5ae5c,buy_breakout_82800,buy_breakout_market,buy,market,condition_not_met_before_supersession,,,
3f9b971c2bc27845a0eda724b7f6f6736d82b0c165717146c60b0ad8b02a84c8,2026-09-04,BTC-USD,b05e82a89c0939f7715b675004beceb7c264e8d9dcb09501dd082198edc5ae5c,rebalance_overweight_81000_82800,sell_rebalance_limit_82800,sell,limit,condition_not_met_before_supersession,,,
db0ebcb2c9dca27e08d2833faeb8c5505e23ab9e9b5fa4b0d3e74565cc2129cb,2026-09-04,BTC-USD,b05e82a89c0939f7715b675004beceb7c264e8d9dcb09501dd082198edc5ae5c,defense_below_69000_70500,sell_defense_market,sell,market,condition_not_met_before_supersession,,,
3776dc202833b62a67cfcf438fc0cda5d998cd89ea69ed2de2837b466339d149,2026-09-05,BTC-USD,dc411c0bbbd19f88c9a2d8b5ef3076fbc141599047977c08629285dfa1248f47,immediate_reduce_underweight,sell_reduce_now_market,sell,market,filled,2026-09-04T22:00:00+00:00,79592.88365,0.002078056104616869
047c4719920d82b952262b997539c088b44fb0e7dd36dbb4fc5e9682cc8ff9d9,2026-09-05,BTC-USD,dc411c0bbbd19f88c9a2d8b5ef3076fbc141599047977c08629285dfa1248f47,reentry_breakout_82300,buy_breakout_market,buy,market,condition_not_met_before_supersession,,,
f20d83f24694f35c0490a16af7f5b6b0f8bce573fac4dff0ca14e0a8a1f79d3d,2026-09-05,BTC-USD,dc411c0bbbd19f88c9a2d8b5ef3076fbc141599047977c08629285dfa1248f47,reentry_pullback_75600_77000,buy_pullback_limit_77000,buy,limit,condition_not_met_before_supersession,,,
6dc5bde35f4310358590811ecc22a40f05acdacf93fbcfbc758ee9d427f82148,2026-09-05,BTC-USD,dc411c0bbbd19f88c9a2d8b5ef3076fbc141599047977c08629285dfa1248f47,defense_below_74000,sell_defense_market_74000,sell,market,condition_not_met_before_supersession,,,
7442ae6c05220feffcc5ab72c81c364d18286223451acc86dc094d11c9a97f9e,2026-09-06,BTC-USD,28d6b49ad7128692a9ac8bf646f3bb1ec93f8a7e79803b0593f3a2c967eee6db,pullback_first_77000,buy_pullback_first_77000,buy,limit,cancelled_by_new_plan,,,
7b7673f7b77ca10af640802b06deca6450b6bbcb40308735343ab2a0367d545a,2026-09-06,BTC-USD,28d6b49ad7128692a9ac8bf646f3bb1ec93f8a7e79803b0593f3a2c967eee6db,pullback_second_75600,buy_pullback_second_75600,buy,limit,condition_not_met_before_supersession,,,
4a15ca6b2d3baddf3e42d885148c3c3741de786363403891c976785016628f43,2026-09-06,BTC-USD,28d6b49ad7128692a9ac8bf646f3bb1ec93f8a7e79803b0593f3a2c967eee6db,breakout_82800,buy_breakout_82800,buy,market,condition_not_met_before_supersession,,,
6f8a2fb30829b27713c3d6f58e6b0308e2f40be251ee6275f2be5a8d9280cb9d,2026-09-06,BTC-USD,28d6b49ad7128692a9ac8bf646f3bb1ec93f8a7e79803b0593f3a2c967eee6db,defense_close_75600,sell_defense_close_75600,sell,market,condition_not_met_before_supersession,,,
ae0d060023b40f9f05cc86d4f66867229b2e3ed837d5df0a55406f547d355e19,2026-09-06,BTC-USD,28d6b49ad7128692a9ac8bf646f3bb1ec93f8a7e79803b0593f3a2c967eee6db,emergency_74500,sell_emergency_74500,sell,market,condition_not_met_before_supersession,,,
11d5c79c683878ef294965e5c3c697fff834288074150022ece5b5b371c4a84f,2026-09-07,BTC-USD,ef37db1a9af1f471c223476e39f22cc5bfdc6a2c2fbf0d6e220a7d544d3c565d,pullback_first_76500_77500,buy_pullback_first_77500,buy,limit,condition_not_met_before_supersession,,,
369ee313f9956bd8a7efae1bd5998c5212e1e3b244ed2227df6d29442e1e5360,2026-09-07,BTC-USD,ef37db1a9af1f471c223476e39f22cc5bfdc6a2c2fbf0d6e220a7d544d3c565d,pullback_second_73500_74000,buy_pullback_second_74000,buy,limit,condition_not_met_before_supersession,,,
8e2d0a8793621479cc29f2ed93b82308b3e26365acd35b584689d4ee48f1dbec,2026-09-07,BTC-USD,ef37db1a9af1f471c223476e39f22cc5bfdc6a2c2fbf0d6e220a7d544d3c565d,breakout_82300,buy_breakout_82300,buy,market,condition_not_met_before_supersession,,,
c292273c7e58c8fde840872a26eb00c52b2db24ee009e46407a975d23e69634a,2026-09-07,BTC-USD,ef37db1a9af1f471c223476e39f22cc5bfdc6a2c2fbf0d6e220a7d544d3c565d,defense_tactical_75600_76000,sell_defense_tactical_75600,sell,market,condition_not_met_before_supersession,,,
7b60d4227d0589e3319d91a6687a0c8bff6cfa8cf36b803e00fe59be863cf32c,2026-09-07,BTC-USD,ef37db1a9af1f471c223476e39f22cc5bfdc6a2c2fbf0d6e220a7d544d3c565d,structural_failure_69000_70000,sell_structural_exit_69000,sell,market,condition_not_met_before_supersession,,,
4209f5fea79ff0d807bd240a666ac4caa452478bf3939494a144272b0fcc4f78,2026-09-07,BTC-USD,ef37db1a9af1f471c223476e39f22cc5bfdc6a2c2fbf0d6e220a7d544d3c565d,false_breakout_79000,sell_false_breakout_79000,sell,market,condition_not_met_before_supersession,,,
c8b847e00aa27c306e943c3c6ec6c057b4a9e161afc4e2393b4bc68692a1af9b,2026-09-08,BTC-USD,072377e3fa049a2e400e3fa64ae24342593c3f5a5140fa83ba77924d26c32572,first_entry_support_78800_79200,buy_first_support_79200,buy,limit,filled,2026-09-07T23:00:00+00:00,78990.37544999999,0.006429416409946125
4b27902940cdc4b8a10858e7a3e441ccfad7f003a1967b185218a55cd24509f3,2026-09-08,BTC-USD,072377e3fa049a2e400e3fa64ae24342593c3f5a5140fa83ba77924d26c32572,add_weekly_close_82300,buy_add_breakout_82300,buy,market,condition_not_met_before_supersession,,,
e9588593516afa806b27a8ff4694949bba6a45a47aac08ff9fa77d0862d36a40,2026-09-08,BTC-USD,072377e3fa049a2e400e3fa64ae24342593c3f5a5140fa83ba77924d26c32572,add_event_pullback_77500_78500,buy_add_pullback_78500,buy,limit,condition_not_met_before_supersession,,,
26f4c74b5fb5faaeb40ca2409e853cf71417c42314f1e4f4a72b6abab99b7e74,2026-09-08,BTC-USD,072377e3fa049a2e400e3fa64ae24342593c3f5a5140fa83ba77924d26c32572,final_deep_pullback_75500_76500,buy_final_pullback_76500,buy,limit,condition_not_met_before_supersession,,,
7bd8dbdba3c9a5444921eeb3847719215dbb5841cbc215f0b9c957d5ccfbc34a,2026-09-08,BTC-USD,072377e3fa049a2e400e3fa64ae24342593c3f5a5140fa83ba77924d26c32572,protect_after_82300_below_80000,sell_protect_80000,sell,market,condition_not_met_before_supersession,,,
20a2eb57bbd0fe0b7286ede7883deba66776665c50d5df770bfe86c88d67e315,2026-09-08,BTC-USD,072377e3fa049a2e400e3fa64ae24342593c3f5a5140fa83ba77924d26c32572,defense_daily_close_below_75500,sell_exit_daily_close_75500,sell,market,condition_not_met_before_supersession,,,
aeb9a488ee7b234d05240e4db658c09414dd5bf8eac732cf3db705dbe7f6a0bc,2026-09-08,BTC-USD,072377e3fa049a2e400e3fa64ae24342593c3f5a5140fa83ba77924d26c32572,hard_risk_disorder_below_75500,sell_reduce_hard_risk_75500,sell,market,condition_not_met_before_supersession,,,
a5d8a0983a7d411c9ee4b76dd6bdd5a64ce334edf077966a41b1a522a83e26b2,2026-09-09,BTC-USD,8fd19aafd1ec8e0ad21f57ff97ddbfd5d3f3800b2a99c03474b7edb531e5e2ee,pullback_pre_fomc_1_3,buy_pullback_pre_fomc_77100,buy,limit,condition_not_met_before_supersession,,,
037175a000432b0926da9961f1929b6690a038ad408bc5c35ee79910e86bdcba,2026-09-09,BTC-USD,8fd19aafd1ec8e0ad21f57ff97ddbfd5d3f3800b2a99c03474b7edb531e5e2ee,complete_after_fomc_78500,buy_complete_after_fomc_78500,buy,market,condition_not_met_before_supersession,,,
c57aff0d8708131976f7562b6b9647afd8468f2da8c4f47bc32f60201d2fd9b1,2026-09-09,BTC-USD,8fd19aafd1ec8e0ad21f57ff97ddbfd5d3f3800b2a99c03474b7edb531e5e2ee,post_fomc_pullback_scale,buy_post_fomc_pullback_1,buy,limit,condition_not_met_before_supersession,,,
95d46f9a198d7efce69d25482be2bc3f048beea2d10ceca0bc879194213fea42,2026-09-09,BTC-USD,8fd19aafd1ec8e0ad21f57ff97ddbfd5d3f3800b2a99c03474b7edb531e5e2ee,post_fomc_pullback_scale,buy_post_fomc_pullback_2,buy,limit,condition_not_met_before_supersession,,,
3d3a45dab1f6d53eb5b3681676dbab6adca61e3f48b1ce7dde59aacd80cfc5f4,2026-09-09,BTC-USD,8fd19aafd1ec8e0ad21f57ff97ddbfd5d3f3800b2a99c03474b7edb531e5e2ee,breakout_first_half_82300,buy_breakout_first_half_82300,buy,market,condition_not_met_before_supersession,,,
d16dacbef1ff5e2c51b61cceccfdb98d4c49e2d7e6451032974557cb9f765372,2026-09-09,BTC-USD,8fd19aafd1ec8e0ad21f57ff97ddbfd5d3f3800b2a99c03474b7edb531e5e2ee,breakout_second_half_82300,buy_breakout_second_half_82300,buy,market,condition_not_met_before_supersession,,,
12edca3b3bf2c542f47437894881c07d107020e6a99fce12b4f9fa956a1c2935,2026-09-09,BTC-USD,8fd19aafd1ec8e0ad21f57ff97ddbfd5d3f3800b2a99c03474b7edb531e5e2ee,invalidation_daily_close_76200,sell_reduce_daily_close_76200,sell,market,condition_not_met_before_supersession,,,
45a9487fbc824a4cb02733c946604e23927ac34663af3cef7cf08f5bb8c8fe32,2026-09-10,BTC-USD,bd9aed3053ae1d9611c04be5b487b373d4404428dd44a83de50264042993acea,pullback_entry_ladder,buy_pullback_77500,buy,limit,filled,2026-09-10T13:00:00+00:00,76938.14984999999,0.012484936406699976
e700a652f993d24b3c85513fed194c3b3e3999974dca1975846d6d75112dc040,2026-09-10,BTC-USD,bd9aed3053ae1d9611c04be5b487b373d4404428dd44a83de50264042993acea,pullback_entry_ladder,buy_pullback_76200,buy,limit,cancelled_by_new_plan,,,
7d41922caa2b569f9165a07641acae2c131be363f9529a7c3f4ea18f61aa6a74,2026-09-10,BTC-USD,bd9aed3053ae1d9611c04be5b487b373d4404428dd44a83de50264042993acea,pullback_entry_ladder,buy_pullback_74000,buy,limit,cancelled_by_new_plan,,,
21bff40c6b1766fa9bf4aaea90cb50b11852cae7f2c79e110dd34dc5d6791548,2026-09-10,BTC-USD,bd9aed3053ae1d9611c04be5b487b373d4404428dd44a83de50264042993acea,pullback_entry_ladder,buy_pullback_72800,buy,limit,cancelled_by_new_plan,,,
554a2d7885c4f4bbf57559a1bd9510a5487bf1ad80fb32392f5c54249d3315f5,2026-09-10,BTC-USD,bd9aed3053ae1d9611c04be5b487b373d4404428dd44a83de50264042993acea,breakout_entry_add,buy_breakout_82300,buy,market,condition_not_met_before_supersession,,,
f359711ee3a12d96bb4465a233dfe095362830e4b59a6ea8cd70c7e1488e1966,2026-09-10,BTC-USD,bd9aed3053ae1d9611c04be5b487b373d4404428dd44a83de50264042993acea,deeper_stabilization_add,buy_stabilize_72000,buy,limit,condition_not_met_before_supersession,,,
1adfa6e753cb6cc00e4a87a4d3e6492294556cf052912cd92db48a284fe4cc31,2026-09-10,BTC-USD,bd9aed3053ae1d9611c04be5b487b373d4404428dd44a83de50264042993acea,take_profit_ladder,sell_tp_80300,sell,limit,condition_not_met_before_supersession,,,
30362b9eab2848276b2c6e2b6f76db579e80855c5b6e732747b05fa4940d4ad0,2026-09-10,BTC-USD,bd9aed3053ae1d9611c04be5b487b373d4404428dd44a83de50264042993acea,take_profit_ladder,sell_tp_82300,sell,limit,condition_not_met_before_supersession,,,
f45567627412ac09e89d5c0aa5887fd1fe2a8318dfca79a917b56c61142b15e6,2026-09-10,BTC-USD,bd9aed3053ae1d9611c04be5b487b373d4404428dd44a83de50264042993acea,take_profit_ladder,sell_tp_85000,sell,limit,condition_not_met_before_supersession,,,
64f10a151a1731cebb9aba8763b90ced7e2e479f50a6c2f02bab4481c6546959,2026-09-10,BTC-USD,bd9aed3053ae1d9611c04be5b487b373d4404428dd44a83de50264042993acea,take_profit_ladder,sell_tp_87000,sell,limit,condition_not_met_before_supersession,,,
e3fdd58e57565676b9ee52c7af856dab83aa85a35c549b2e6a9ff90218dbd3c7,2026-09-10,BTC-USD,bd9aed3053ae1d9611c04be5b487b373d4404428dd44a83de50264042993acea,invalidation_exit,sell_exit_69900_70200,sell,market,condition_not_met_before_supersession,,,
9ea6199ab84305672ac3fc97e336296e90747783d8ff63d75b914aa5f820e7f7,2026-09-11,BTC-USD,caa42cf4c7443fa62216532f1e9e2f017571e298efcd22cb47ea9ac70700e4b2,reduce_current_rally,sell_current_77000,sell,market,filled,2026-09-10T22:00:00+00:00,77110.52545000002,0.007544556339149013
2b5cffe5d8e32a5454738def972cf70c7f98326378d026908ece98727d63a1bd,2026-09-11,BTC-USD,caa42cf4c7443fa62216532f1e9e2f017571e298efcd22cb47ea9ac70700e4b2,reduce_current_rally,sell_rally_78500,sell,limit,filled,2026-09-11T13:00:00+00:00,78500.0,0.0025148521130496713
8056c0ceb0d62b2a442e8b760a807254af2330c723bd64d1c1250ee0ec2b6a03,2026-09-11,BTC-USD,caa42cf4c7443fa62216532f1e9e2f017571e298efcd22cb47ea9ac70700e4b2,reduce_current_rally,sell_rally_80000,sell,limit,open_at_data_end,,,
cfe05fc6e0236b55d18c6f53cec783ac943e28aa1ae8f62040d38279bc565c50,2026-09-11,BTC-USD,caa42cf4c7443fa62216532f1e9e2f017571e298efcd22cb47ea9ac70700e4b2,breakdown_reduce,sell_breakdown_76200,sell,market,condition_not_met_at_data_end,,,
adf1da00a87dc88fc67a7b63a8f000ab3c09d8666d26d0066434af888518495f,2026-09-11,BTC-USD,caa42cf4c7443fa62216532f1e9e2f017571e298efcd22cb47ea9ac70700e4b2,invalidation_rebuild,buy_rebuild_78500,buy,market,condition_not_met_at_data_end,,,
