plan_id,analysis_date,scenario_id,condition_hash,evidence_grade,rule_id,source_fields,evaluated,triggered,trigger_time,last_evaluated_at,observed_json
80b98890dc01bcbb533028e3321b06cb2d3c0b6e645653746e5495f0f512bf05,2026-07-13,breakdown_exit,97fc13c34edf5dfcecf76fa1cfbaf6640981bdb79ad69a176b1c021d33dc3921,proxy,price+volume+has_position,"hour_low,hour_high,cm_volume_reported_spot_usd_1d,cm_reported_volume_ratio_20,portfolio_state",True,False,,2026-07-14T15:00:00+00:00,"{""has_position"": {""position"": 0.0}, ""price"": {""hour_high"": 64999.0, ""hour_low"": 64194.1}, ""volume"": {""reported_volume_ratio_20"": 1.034601521102701, ""required"": 1.0}}"
80b98890dc01bcbb533028e3321b06cb2d3c0b6e645653746e5495f0f512bf05,2026-07-13,rebound_exit,b4cc3e6490d61018382735c6e0d3ffdbcc8f09c7f4363df1c51d8c52c7a173d7,proxy,price+has_position,"hour_low,hour_high,portfolio_state",True,False,,2026-07-14T15:00:00+00:00,"{""has_position"": {""position"": 0.0}, ""price"": {""hour_high"": 64999.0, ""hour_low"": 64194.1}}"
a7ff10c1de89f9606cf5eafd75c204c6f921a97b4efa087ae3f87a132aa47bd4,2026-07-14,breakdown_exit,8d91123e8234e086c1e778e4878099f1ac8224e89bb996b1e22f4ea5e26d5b36,proxy,price+volume+has_position,"hour_low,hour_high,cm_volume_reported_spot_usd_1d,cm_reported_volume_ratio_20,portfolio_state",True,False,,2026-07-16T14:00:00+00:00,"{""has_position"": {""position"": 0.0}, ""price"": {""hour_high"": 64862.4, ""hour_low"": 64331.1}, ""volume"": {""reported_volume_ratio_20"": 0.9372056754631312, ""required"": 1.0}}"
a7ff10c1de89f9606cf5eafd75c204c6f921a97b4efa087ae3f87a132aa47bd4,2026-07-14,rebound_exit,2d653b64d03f741c09665a9d25f78ef150fa4818c12dc49eef598991ead3c7e6,exact,price+has_position,"hour_low,hour_high,portfolio_state",True,False,,2026-07-16T14:00:00+00:00,"{""has_position"": {""position"": 0.0}, ""price"": {""hour_high"": 64862.4, ""hour_low"": 64331.1}}"
22a66fb6ab6e31b4e573f739f688653cce8675483701f3d2aef4117ee12b2a29,2026-07-15,add_on_dip,152cb085add2d25e5b61b14d30ea3e0fc331110a09fcc149196b323ec5cc0843,exact,price,"hour_low,hour_high",True,False,,2026-07-16T15:00:00+00:00,"{""price"": {""hour_high"": 64897.1, ""hour_low"": 64317.3}}"
22a66fb6ab6e31b4e573f739f688653cce8675483701f3d2aef4117ee12b2a29,2026-07-15,breakdown_57500,a4eb4ece732b984940e869bf051302a4445247f61c5d70666ba021b9aa22611b,exact,price,"hour_low,hour_high",True,False,,2026-07-16T15:00:00+00:00,"{""price"": {""hour_high"": 64897.1, ""hour_low"": 64317.3}}"
22a66fb6ab6e31b4e573f739f688653cce8675483701f3d2aef4117ee12b2a29,2026-07-15,stop_loss_61k,69e1f48c5db51e7426ee73707c29ef37b9de9a3cb4bb9b63d03baed9961917d2,exact,price,daily_close,True,False,,2026-07-16T15:00:00+00:00,"{""price"": {""daily_close"": 64760.3}}"
22a66fb6ab6e31b4e573f739f688653cce8675483701f3d2aef4117ee12b2a29,2026-07-15,target_68000,23bedefb5ff796073dc84cf610db9f977625f4534a7a299e3c57dd38fabfbdad,exact,price,"hour_low,hour_high",True,False,,2026-07-16T15:00:00+00:00,"{""price"": {""hour_high"": 64897.1, ""hour_low"": 64317.3}}"
22a66fb6ab6e31b4e573f739f688653cce8675483701f3d2aef4117ee12b2a29,2026-07-15,target_70000,c8dd71b8e90766a834a11828ba3967f612348f8814a95a774f72e5e66502c915,exact,price,"hour_low,hour_high",True,False,,2026-07-16T15:00:00+00:00,"{""price"": {""hour_high"": 64897.1, ""hour_low"": 64317.3}}"
ae474685046abf8a8329791b92c1df81651d3209ee79ee241bad62c38d12ca81,2026-07-17,extreme_fear_buy,0a35753bb5665081cdaef9982c802dc2b0dc7856259d99e321685404cbd749f4,exact,sentiment+mvrv+hashrate,"fear_greed,cm_CapMVRVCur,cm_hashrate_drop_from_30d_peak,cm_hashrate_change_3d",True,False,,2026-07-17T21:00:00+00:00,"{""hashrate"": {""change_3d"": -0.1768707434346798, ""drop_from_30d_peak"": -0.31334962863255633}, ""mvrv"": {""mvrv"": 1.2064208959075768, ""threshold"": 1.0}, ""sentiment"": {""fear_greed"": 27.0, ""threshold"": 15.0}}"
ae474685046abf8a8329791b92c1df81651d3209ee79ee241bad62c38d12ca81,2026-07-17,rebound_reduce,86dba53ecff8c2cbc7350e9589adb0f9ee86bf3abf613479aa617d153339aceb,proxy,price,"hour_low,hour_high",True,False,,2026-07-17T21:00:00+00:00,"{""price"": {""hour_high"": 64224.9, ""hour_low"": 64063.4}}"
d84ced9656e68214e95759489d0c1eccd4fd6d696c7cda464b5556ae87e50683,2026-07-18,lower_range_accumulation,7f22bc82e89c8d7268d71740139bd2fba8411db8a9099c5edcca5b4b3c866be3,proxy,price+hashrate+stabilization,"hour_low,hour_high,cm_hashrate_drop_from_30d_peak,cm_hashrate_change_3d,daily_stabilized",True,False,,2026-07-18T21:00:00+00:00,"{""hashrate"": {""change_3d"": -0.17532467605329738, ""drop_from_30d_peak"": -0.27930085542491423}, ""price"": {""hour_high"": 64850.0, ""hour_low"": 64620.0}, ""stabilization"": {""stabilized_proxy"": 1.0}}"
bfbc817d675011b2b66ae5625ed5cbca2bf3fa64a92141d5337054dfceace1c5,2026-07-19,hard_stop_daily_close,da2f95d3dd9265d0c5cc341f04f0fa418d01d33d9e3b76a816a40c88f622eb95,exact,price,daily_close,True,False,,2026-07-19T21:00:00+00:00,"{""price"": {""daily_close"": 64833.9}}"
e719cd5fdb754b05808ad451119841e83d5ce53ddb5cb6a561963a555fcb6ebe,2026-07-20,breakout_add,34320a9677443d39b0ea9959562f00ffb31422f33a9ee46cc8aea7842692e8c8,proxy,price+volume,"hour_low,hour_high,cm_volume_reported_spot_usd_1d,cm_reported_volume_ratio_20",True,True,2026-07-21T07:00:00+00:00,2026-07-21T07:00:00+00:00,"{""price"": {""hour_high"": 66239.7, ""hour_low"": 65863.2}, ""volume"": {""reported_volume_ratio_20"": 1.2183996809776572, ""required"": 1.0}}"
e719cd5fdb754b05808ad451119841e83d5ce53ddb5cb6a561963a555fcb6ebe,2026-07-20,downside_add,721c3c80b6ddf7a7d53d9bc879c89ea69e987d55ea280ebd4a1d6ccd58ddd487,proxy,price,"hour_low,hour_high",True,False,,2026-07-21T15:00:00+00:00,"{""price"": {""hour_high"": 66839.8, ""hour_low"": 66524.9}}"
e719cd5fdb754b05808ad451119841e83d5ce53ddb5cb6a561963a555fcb6ebe,2026-07-20,retrace_add,4d7f6c2761e95f49bac88f4ad987d8a57b1396cb00703a89aadad3c87748865e,exact,price,"hour_low,hour_high",True,False,,2026-07-21T15:00:00+00:00,"{""price"": {""hour_high"": 66839.8, ""hour_low"": 66524.9}}"
e719cd5fdb754b05808ad451119841e83d5ce53ddb5cb6a561963a555fcb6ebe,2026-07-20,stop_loss_reduce,0c243de55b71110d6ba66db68727cf5f772abbacac66b24c0617ffb7c38ef849,exact,price,daily_close,True,False,,2026-07-21T15:00:00+00:00,"{""price"": {""daily_close"": 65259.4}}"
9829fdb54e13586735171d08be9f939816da74eea0c79a4d07aa5cff6664d250,2026-07-21,event_risk_reduce,72ff7b2061dc71e130655e746a7373e9d759a99170630a188a553a2b613a2c19,proxy,price+clarity_vote_window,"hour_low,hour_high,clarity_vote_window",True,False,,2026-07-21T21:00:00+00:00,"{""clarity_vote_window"": {""clarity_vote_window"": 1.0}, ""price"": {""hour_high"": 66416.4, ""hour_low"": 66283.3}}"
9829fdb54e13586735171d08be9f939816da74eea0c79a4d07aa5cff6664d250,2026-07-21,hard_stop_weekly_close,1baa8e86d3c50846dad7289003c23b860dc88c4178192503cdf27d3af5899b82,exact,price,weekly_close,True,False,,2026-07-21T21:00:00+00:00,"{""price"": {""weekly_close"": 64730.7}}"
9829fdb54e13586735171d08be9f939816da74eea0c79a4d07aa5cff6664d250,2026-07-21,post_take_profit_stop_to_cost,113aa2abcc82815c4b304f482158e1dedf125ad44d519d39ba71357079faf398,exact,price+take_profit_filled,"hour_low,hour_high,execution_state",True,False,,2026-07-21T21:00:00+00:00,"{""price"": {""hour_high"": 66416.4, ""hour_low"": 66283.3}, ""take_profit_filled"": {""take_profit_fill_count"": 0}}"
456b07db85ba3e4afa15aa9fc24d48611fc7c11eb244a280818cd73828e82245,2026-07-22,trend_confirmation_add,9739c4f9fb0ffa239fef2728616019f9247c16182a00e95cdd17fa7bbd22e183,proxy,price+sma200,"hour_low,hour_high,daily_close,daily_sma_200",True,False,,2026-07-22T21:00:00+00:00,"{""price"": {""hour_high"": 66133.2, ""hour_low"": 65897.1}, ""sma200"": {""close"": 66564.3, ""sma200"": 72854.251}}"
6dac0d6d539931f74c4d06a4274bfab2d2acb8eb1ff96253aae77dc58a4b729c,2026-07-23,breakout_hold_remaining,4d256b4fabb97680b0e591691cb59b1d21a35f0e3616289f622b5c875430b47d,proxy,price,daily_close,True,False,,2026-07-23T21:00:00+00:00,"{""price"": {""daily_close"": 66113.8}}"
6dac0d6d539931f74c4d06a4274bfab2d2acb8eb1ff96253aae77dc58a4b729c,2026-07-23,rebound_reduce_remaining,ce8e164b9f54b9b9cc34fff24b93fdba15eb6e21e7ff000ecda696040055c1a9,proxy,price,daily_close,True,False,,2026-07-23T21:00:00+00:00,"{""price"": {""daily_close"": 66113.8}}"
a23e18550330b2fd0c17528e5d321be9ed302eb47226a24dc54e3b20e2fa8523,2026-07-24,further_reduce_to_30_on_break_64000_low_volume,5cddaeafd4e12ebfc3b62d02cef77074f5fe539cf9ac60f64d046c26603baec3,exact,price+volume+ema10,"hour_low,hour_high,cm_volume_reported_spot_usd_1d,cm_reported_volume_ratio_20,daily_close,daily_ema_10",True,False,,2026-07-24T21:00:00+00:00,"{""ema10"": {""close"": 65096.0, ""ema10"": 64982.921984250366}, ""price"": {""hour_high"": 64221.4, ""hour_low"": 64126.6}, ""volume"": {""reported_volume_usd"": 5607569272.21605, ""threshold"": 3500000000.0}}"
a23e18550330b2fd0c17528e5d321be9ed302eb47226a24dc54e3b20e2fa8523,2026-07-24,long_term_add_to_80_on_funding_nvt,b24ba59b08bfaaad0dd9e27f1e1e9caf011fa7eb2855e5f4de5257dfbdd4c653,proxy,funding+nvt_activity_proxy,"funding_rate,nvt_activity_proxy",True,False,,2026-07-24T21:00:00+00:00,"{""funding"": {""funding_rate"": 4.63556429945e-05, ""threshold"": 0.0002}, ""nvt_activity_proxy"": {""nvt_activity_proxy"": 1.2839217420007363, ""threshold"": 80.0}}"
a23e18550330b2fd0c17528e5d321be9ed302eb47226a24dc54e3b20e2fa8523,2026-07-24,reassess_58000_60000_support,542a04f0eaff06e980d60406c48288143d35e79a476f1e8d85f7740aba9f99e2,proxy,price,"hour_low,hour_high",True,False,,2026-07-24T21:00:00+00:00,"{""price"": {""hour_high"": 64221.4, ""hour_low"": 64126.6}}"
a23e18550330b2fd0c17528e5d321be9ed302eb47226a24dc54e3b20e2fa8523,2026-07-24,reentry_volume_breakout_67000,b3b5a227d42af4fc2f2f7fe6380ce8b0e48e463719fa8648fbab12d4741f2f92,exact,price+volume,"daily_close,cm_volume_reported_spot_usd_1d,cm_reported_volume_ratio_20",True,False,,2026-07-24T21:00:00+00:00,"{""price"": {""daily_close"": 65096.0}, ""volume"": {""reported_volume_usd"": 5607569272.21605, ""threshold"": 5000000000.0}}"
a23e18550330b2fd0c17528e5d321be9ed302eb47226a24dc54e3b20e2fa8523,2026-07-24,risk_clear_below_61900,4fe3d9b039792e0aa34e5761d0616348547c9332e8c23c1730ab9bcf6f520bec,proxy,price+volume,"hour_low,hour_high,cm_volume_reported_spot_usd_1d,cm_reported_volume_ratio_20",True,False,,2026-07-24T21:00:00+00:00,"{""price"": {""hour_high"": 64221.4, ""hour_low"": 64126.6}, ""volume"": {""reported_volume_ratio_20"": 0.9587487138490526, ""required"": 1.0}}"
95225346a4ef8618f32677dc79879870067a478a538028fab0f9b31b6e2e0163,2026-07-25,breakout_72000_remove_bearish_bias,0580972e19b4eb138835bd1dd51cf817f785245bd7eeea23f5b573e03a91665a,proxy,price+volume+sma200,"hour_low,hour_high,cm_volume_reported_spot_usd_1d,cm_reported_volume_ratio_20,daily_close,daily_sma_200",True,False,,2026-07-25T21:00:00+00:00,"{""price"": {""hour_high"": 64432.4, ""hour_low"": 64266.3}, ""sma200"": {""close"": 64150.4, ""sma200"": 72450.84700000001}, ""volume"": {""reported_volume_ratio_20"": 1.074290614986239, ""required"": 1.0}}"
95225346a4ef8618f32677dc79879870067a478a538028fab0f9b31b6e2e0163,2026-07-25,rebuy_10_20pct_in_58000_60000,7924fa3d84e156facbe84a2dc4d0ae3cd9e3f3b2af7005c24299851d1ae64558,proxy,price+stabilization,"hour_low,hour_high,daily_stabilized",True,False,,2026-07-25T21:00:00+00:00,"{""price"": {""hour_high"": 64432.4, ""hour_low"": 64266.3}, ""stabilization"": {""stabilized_proxy"": 0.0}}"
e44c05e8066a21873fee8a272d04236e517bde0832c480009f24ac4292f1a94f,2026-07-26,stop_loss_daily_close,13d9e5b06192d83e7a5b71ca491a942b121f495cf8b8b23fdd4918d5e0fb864e,exact,price,daily_close,True,False,,2026-07-26T21:00:00+00:00,"{""price"": {""daily_close"": 64375.5}}"
e44c05e8066a21873fee8a272d04236e517bde0832c480009f24ac4292f1a94f,2026-07-26,third_tranche_30,b0ccbba53cd5e981e641d51636c086de29fe81421cd7b0a031b27e8874f0fed1,proxy,price,daily_close,True,False,,2026-07-26T21:00:00+00:00,"{""price"": {""daily_close"": 64375.5}}"
81cf0d4a9e3309d0059006e465808811ecf2768013ac4e86b91d5958dcd3da7a,2026-07-27,stop_loss_daily_close,f187b2ce2f015092157a971a6e8c35785659aeb3a6c7cf7759c61cddd23e0eb7,exact,price,daily_close,True,False,,2026-07-27T21:00:00+00:00,"{""price"": {""daily_close"": 65407.1}}"
81cf0d4a9e3309d0059006e465808811ecf2768013ac4e86b91d5958dcd3da7a,2026-07-27,trend_confirmation_add,b5d9c2fa190b65b605ea32aa5a1875a12c9a06b619648f6d28134462cf25323c,proxy,price+volume,"hour_low,hour_high,cm_volume_reported_spot_usd_1d,cm_reported_volume_ratio_20",True,False,,2026-07-27T21:00:00+00:00,"{""price"": {""hour_high"": 64971.3, ""hour_low"": 64800.1}, ""volume"": {""reported_volume_ratio_20"": 0.47966013377654004, ""required"": 1.0}}"
de660c43250db8341aee403efac4b3e9bc086562320b10656526bdedfcd80ecd,2026-07-28,reduce_if_over_60,ccda2b7a97953c705db3dc86a8bb6dc9a0b025593dffeca0b0aec98a2710a053,exact,portfolio_overweight,portfolio_state,True,False,,2026-07-28T21:00:00+00:00,"{""portfolio_overweight"": {""exposure"": 0.3115632502648215, ""threshold"": 0.6}}"
dbff493b654c1ff654f276bf2513e668c2f55ca1579cfd179fde2082d8357d5b,2026-07-29,black_swan_accumulation,21639eaf5d0181acc98db8507edd4e8364c0da3f8857e5075cd8b1f42d88bffd,proxy,price+macro_shock_proxy,"hour_low,hour_high,daily_return_1d,cm_reported_volume_ratio_20",True,False,,2026-07-29T21:00:00+00:00,"{""macro_shock_proxy"": {""daily_return"": 0.002652137158307921, ""volume_ratio"": 1.1211596212844712}, ""price"": {""hour_high"": 63855.0, ""hour_low"": 63261.6}}"
dbff493b654c1ff654f276bf2513e668c2f55ca1579cfd179fde2082d8357d5b,2026-07-29,fed_pause_breakout,460fb70458497bbcd4ce08183b4957628f791a44e5fbf27aac2abd81734c4840,proxy,price+volume+fed_hold,"hour_low,hour_high,cm_volume_reported_spot_usd_1d,cm_reported_volume_ratio_20,fed_hold_confirmed",True,True,2026-07-29T18:00:00+00:00,2026-07-29T18:00:00+00:00,"{""fed_hold"": {""fed_hold_confirmed"": 1.0}, ""price"": {""hour_high"": 64686.1, ""hour_low"": 63780.0}, ""volume"": {""reported_volume_ratio_20"": 1.1211596212844712, ""required"": 1.0}}"
dbff493b654c1ff654f276bf2513e668c2f55ca1579cfd179fde2082d8357d5b,2026-07-29,support_reentry,d88cf1a21997161e63394d88577ceef9571c43ae6666c618066fda8c531c5f72,exact,price+funding,"hour_low,hour_high,funding_rate",True,False,,2026-07-29T21:00:00+00:00,"{""funding"": {""funding_rate"": 8.32522231396e-05, ""threshold"": 0.0003}, ""price"": {""hour_high"": 63855.0, ""hour_low"": 63261.6}}"
43f3bf8d3d8ad57f7075f6b7c20d87c75da0270730738f91002c382c9c7a5baf,2026-07-30,break_support_add,9ce0d9d209f7be0d4eca5e312840a065097b1e359dc1f4ce224a933f450203e6,exact,price,"hour_low,hour_high",True,False,,2026-07-30T21:00:00+00:00,"{""price"": {""hour_high"": 64806.5, ""hour_low"": 64708.3}}"
43f3bf8d3d8ad57f7075f6b7c20d87c75da0270730738f91002c382c9c7a5baf,2026-07-30,hard_stop_cancel,276ab8a37b742185bc67f60e9f049a996d948f15a08cef4a66005740c5709e60,exact,price,"hour_low,hour_high",True,False,,2026-07-30T21:00:00+00:00,"{""price"": {""hour_high"": 64806.5, ""hour_low"": 64708.3}}"
43f3bf8d3d8ad57f7075f6b7c20d87c75da0270730738f91002c382c9c7a5baf,2026-07-30,initial_reduce_63500,20bec39e80ceb58fdb80fe8dcbae86567880dfdc96ce80254405ed43cd836b63,proxy,price,"hour_low,hour_high",True,False,,2026-07-30T21:00:00+00:00,"{""price"": {""hour_high"": 64806.5, ""hour_low"": 64708.3}}"
32ff594f553f640a36c67819892ff97697e0fef5628a8ff95482ea30b8e7f7d8,2026-07-31,break_62000_reduce,aefaf5be160f3b754fdc8f1ff2f1ff2560eb53b0e213686c76953251335f6911,exact,price,"hour_low,hour_high",True,False,,2026-08-01T21:00:00+00:00,"{""price"": {""hour_high"": 62863.3, ""hour_low"": 62662.4}}"
32ff594f553f640a36c67819892ff97697e0fef5628a8ff95482ea30b8e7f7d8,2026-07-31,value_zone_reentry,a0c65a879cf63e973158080d8905907c068000ea4c0250abdc66e13f6d1b6047,exact,price+sentiment,"hour_low,hour_high,fear_greed",True,False,,2026-08-01T21:00:00+00:00,"{""price"": {""hour_high"": 62863.3, ""hour_low"": 62662.4}, ""sentiment"": {""fear_greed"": 27.0, ""threshold"": 25.0}}"
d04268d6cdac718530d7f8cdc779fdebf0f4528afb1d2c95d0f678d2ec53331d,2026-08-02,break_support_complete_reduce,aa9526dc5379af40f0ac1d41a7958171f172852d8d9d364ddeadd2543471b1f2,proxy,price,"hour_low,hour_high",True,False,,2026-08-02T21:00:00+00:00,"{""price"": {""hour_high"": 63782.5, ""hour_low"": 63481.2}}"
d04268d6cdac718530d7f8cdc779fdebf0f4528afb1d2c95d0f678d2ec53331d,2026-08-02,breakout_reentry,c5f882f1e17ba4b4f8ff09184c15ba44c12be2c8c3ef91d7f6191d3800733798,proxy,price+volume,"hour_low,hour_high,cm_volume_reported_spot_usd_1d,cm_reported_volume_ratio_20",True,False,,2026-08-02T21:00:00+00:00,"{""price"": {""hour_high"": 63782.5, ""hour_low"": 63481.2}, ""volume"": {""reported_volume_ratio_20"": 0.4797739584371159, ""required"": 1.0}}"
d04268d6cdac718530d7f8cdc779fdebf0f4528afb1d2c95d0f678d2ec53331d,2026-08-02,capitulation_reentry,424314df581a7a50980296fec804b829f2322460ef58fb31e1c0b39a4e70151e,proxy,price+volume+bullish_divergence,"hour_low,hour_high,cm_volume_reported_spot_usd_1d,cm_reported_volume_ratio_20,daily_bullish_divergence",True,False,,2026-08-02T21:00:00+00:00,"{""bullish_divergence"": {""bullish_divergence_proxy"": 0.0}, ""price"": {""hour_high"": 63782.5, ""hour_low"": 63481.2}, ""volume"": {""reported_volume_ratio_20"": 0.4797739584371159, ""required"": 1.2}}"
d04268d6cdac718530d7f8cdc779fdebf0f4528afb1d2c95d0f678d2ec53331d,2026-08-02,resistance_reduce_remainder,8564173d3ecfa2bfa44d0a3e9ca38a963b266fe5a8c65e9f08a5437878ebac2c,exact,price,"hour_low,hour_high",True,True,2026-08-02T02:00:00+00:00,2026-08-02T02:00:00+00:00,"{""price"": {""hour_high"": 63559.9, ""hour_low"": 62958.1}}"
b9d9fa92325670b545e765fa222c8bcf11e2f04d71c9dab5558282f8a358b6d3,2026-08-03,existing_long_stop,287e08435a968db8a740c99b69f22d267b6855cf9bfc4da0db25fe4a6da32619,exact,price+has_position,"hour_low,hour_high,portfolio_state",True,False,,2026-08-03T21:00:00+00:00,"{""has_position"": {""position"": 0.009419829351134348}, ""price"": {""hour_high"": 63795.4, ""hour_low"": 63555.7}}"
b9d9fa92325670b545e765fa222c8bcf11e2f04d71c9dab5558282f8a358b6d3,2026-08-03,momentum_buy_66900_68000,a4575e7ed6ff556d9c924a41fe60c8b38c08d8ed488c6c0ed11fe3326c9e9555,proxy,price+volume+institutional_quality_proxy,"hour_low,hour_high,cm_volume_reported_spot_usd_1d,cm_reported_volume_ratio_20,coinbase_volume_ratio_20,funding_rate",True,False,,2026-08-03T21:00:00+00:00,"{""institutional_quality_proxy"": {""coinbase_volume_ratio"": 0.5691343704411611, ""funding_rate"": 9.3903184464e-06}, ""price"": {""hour_high"": 63795.4, ""hour_low"": 63555.7}, ""volume"": {""reported_volume_ratio_20"": 0.6027960698753556, ""required"": 1.0}}"
b9d9fa92325670b545e765fa222c8bcf11e2f04d71c9dab5558282f8a358b6d3,2026-08-03,value_buy_58500_60000,04d5e7431b395ec3a73daac6b459db924bf9634950cb25fcf42289e9390d4248,proxy,price+stabilization,"hour_low,hour_high,daily_stabilized",True,False,,2026-08-03T21:00:00+00:00,"{""price"": {""hour_high"": 63795.4, ""hour_low"": 63555.7}, ""stabilization"": {""stabilized_proxy"": 1.0}}"
a22d4083bca73454c8c9efe7f527d7aad3afcfb594c1c9df87641426558f00c8,2026-08-04,second_buy_58200_59500,860b8063c66e7f8fb612a5f7c412889f5d1b8a84fa08e9eda565e8a9502e398d,exact,price,"hour_low,hour_high",True,False,,2026-08-04T21:00:00+00:00,"{""price"": {""hour_high"": 64342.5, ""hour_low"": 64171.7}}"
a22d4083bca73454c8c9efe7f527d7aad3afcfb594c1c9df87641426558f00c8,2026-08-04,stop_daily_close_57700,796132815cc29a25cb102e1f9596c066a464a78210fce982313f402002cdb262,exact,price,daily_close,True,False,,2026-08-04T21:00:00+00:00,"{""price"": {""daily_close"": 63527.6}}"
a22d4083bca73454c8c9efe7f527d7aad3afcfb594c1c9df87641426558f00c8,2026-08-04,trend_buy_69400,35983db973df6b25185907d73db78dfbb419275f8938bc9e9035e359b512cfd6,exact,price,daily_close,True,False,,2026-08-04T21:00:00+00:00,"{""price"": {""daily_close"": 63527.6}}"
70f2704346e88187bfda1a087961998847547bf3c3787a22e4fb99c6da2ab7fb,2026-08-05,stop_daily_close_62200,a108e27fa1d16d1ac2d9d521122e5906f27f539a60dc1c6d58376852170cfc15,exact,price,daily_close,True,False,,2026-08-06T21:00:00+00:00,"{""price"": {""daily_close"": 64659.3}}"
70f2704346e88187bfda1a087961998847547bf3c3787a22e4fb99c6da2ab7fb,2026-08-05,trend_build_70800_etf,5d4d6000fa4409972cec10c56aa7152c3eba45be9460be61eac90fbdc5076163,exact,price+etf_flow+sma200,"daily_close,etf_flow_usd_m,etf_positive_streak,etf_positive_week_streak,daily_sma_200",True,False,,2026-08-06T21:00:00+00:00,"{""etf_flow"": {""flow_usd_m"": 244.4, ""positive_days"": 3.0, ""positive_weeks"": 1.0, ""threshold_usd"": null}, ""price"": {""daily_close"": 64659.3}, ""sma200"": {""close"": 64659.3, ""sma200"": 70698.0875}}"
f45877eaef2d2e327245c55ca65b21add9c45190ad61a293cad4fdbe4488a5e7,2026-08-07,exit_daily_close_57500,d9b5fdfb6cd12832a6c95c6e4a93edd5c0363307a8026a67303773a1e5c4ea4b,exact,price,daily_close,True,False,,2026-08-07T21:00:00+00:00,"{""price"": {""daily_close"": 64325.8}}"
f45877eaef2d2e327245c55ca65b21add9c45190ad61a293cad4fdbe4488a5e7,2026-08-07,right_side_add_70509,2e9f1b83e6711158a6cdaf1b8a6ef74a59f5cebead0302b75d26fcab719f46d8,proxy,price+volume+etf_flow+sma200,"weekly_close,cm_volume_reported_spot_usd_1d,cm_reported_volume_ratio_20,etf_flow_usd_m,etf_positive_streak,etf_positive_week_streak,daily_close,daily_sma_200",True,False,,2026-08-07T21:00:00+00:00,"{""etf_flow"": {""flow_usd_m"": 137.6, ""positive_days"": 4.0, ""positive_weeks"": 1.0, ""threshold_usd"": null}, ""price"": {""weekly_close"": 63574.6}, ""sma200"": {""close"": 64325.8, ""sma200"": 70551.34599999999}, ""volume"": {""reported_volume_ratio_20"": 0.8012881335048486, ""required"": 1.0}}"
f45877eaef2d2e327245c55ca65b21add9c45190ad61a293cad4fdbe4488a5e7,2026-08-07,tactical_reduce_66k_69k,f3d13b983b4e51469a94a2d07131960f03a8fd101be937a9336d708aba796ca3,exact,price+portfolio_overweight,"hour_low,hour_high,portfolio_state",True,False,,2026-08-07T21:00:00+00:00,"{""portfolio_overweight"": {""exposure"": 0.25159802629839084, ""threshold"": 0.6}, ""price"": {""hour_high"": 65100.0, ""hour_low"": 64926.5}}"
cd5c12bd0c0b0d6f4a76f090708aa3857bf5b1170ca8e5c0cd5d355e6db64906,2026-08-08,first_entry_62800_63500,205c7932532a3a19228569d73e6b94fe11a9f571cea60dbbdfc27fd696351e0c,proxy,price+volume,"hour_low,hour_high,cm_volume_reported_spot_usd_1d,cm_reported_volume_ratio_20",True,False,,2026-08-08T21:00:00+00:00,"{""price"": {""hour_high"": 65081.7, ""hour_low"": 65004.9}, ""volume"": {""reported_volume_ratio_20"": 0.9579415461378387, ""required"": 1.0}}"
cd5c12bd0c0b0d6f4a76f090708aa3857bf5b1170ca8e5c0cd5d355e6db64906,2026-08-08,second_entry_67000,af8d59f669a4575cd5997a7351cf7e78c8db33eca395355542ad94a55233f976,exact,price+volume,"weekly_close,cm_volume_reported_spot_usd_1d,cm_reported_volume_ratio_20",True,False,,2026-08-08T21:00:00+00:00,"{""price"": {""weekly_close"": 63574.6}, ""volume"": {""reported_volume_usd"": 5082297089.60953, ""threshold"": 40000000000.0}}"
cd5c12bd0c0b0d6f4a76f090708aa3857bf5b1170ca8e5c0cd5d355e6db64906,2026-08-08,third_entry_200dma,67b330217ab6e516d1a4f4b98f7344a6b8c27bd2682b018d560b39ac8a8bf282,exact,sma200,"daily_close,daily_sma_200",True,False,,2026-08-08T21:00:00+00:00,"{""sma200"": {""close"": 64916.5, ""sma200"": 70412.7885}}"
91234705c22ca8ca82ea3a97f80724d5ca4c3d2f65601c210f8b151393c06995,2026-08-09,hard_stop_61700,75e709bfcd8dc4bba16e997442c69b369478c039728499bb66f5601675a8bd1c,exact,price,daily_close,True,False,,2026-08-09T21:00:00+00:00,"{""price"": {""daily_close"": 64956.9}}"
91234705c22ca8ca82ea3a97f80724d5ca4c3d2f65601c210f8b151393c06995,2026-08-09,second_entry_65500,f58968f6a51947d2ec5b0c34c56517c5ebd1b7270db5f3e8bf440b3a4e0ca13a,proxy,price+volume,"daily_close,cm_volume_reported_spot_usd_1d,cm_reported_volume_ratio_20",True,False,,2026-08-09T21:00:00+00:00,"{""price"": {""daily_close"": 64956.9}, ""volume"": {""reported_volume_ratio_20"": 0.36577356450067994, ""required"": 1.0}}"
91234705c22ca8ca82ea3a97f80724d5ca4c3d2f65601c210f8b151393c06995,2026-08-09,take_profit_69500_70200,d212ce635bd9c05b7709bf6ef83f0dbb9bf7a489e4b67cf09da9a607b27b2c8d,exact,price,"hour_low,hour_high",True,False,,2026-08-09T21:00:00+00:00,"{""price"": {""hour_high"": 65250.0, ""hour_low"": 65124.3}}"
91234705c22ca8ca82ea3a97f80724d5ca4c3d2f65601c210f8b151393c06995,2026-08-09,third_entry_62000_63000,fbc712c941e9a4d31e0943581315a083744fcf68ffa36a58eb00b3f421aad2db,exact,price,"hour_low,hour_high",True,False,,2026-08-09T21:00:00+00:00,"{""price"": {""hour_high"": 65250.0, ""hour_low"": 65124.3}}"
402d72788dc21c21a65500c4c85929b2dd1bfdc53a9d444aaa34e9f5219c7862,2026-08-10,macro_capitulation_entry,4343f1a412534360c21791cf305715f662d571235f285a8835c06fa339be9290,proxy,price+funding+sentiment+macro_shock_proxy,"hour_low,hour_high,funding_rate,fear_greed,daily_return_1d,cm_reported_volume_ratio_20",True,False,,2026-08-10T21:00:00+00:00,"{""funding"": {""funding_rate"": 9.6723689051e-05, ""threshold"": null}, ""macro_shock_proxy"": {""daily_return"": -0.0008867418241941261, ""volume_ratio"": 0.48292212379843535}, ""price"": {""hour_high"": 64162.9, ""hour_low"": 63983.9}, ""sentiment"": {""fear_greed"": 30.0, ""threshold"": 20.0}}"
402d72788dc21c21a65500c4c85929b2dd1bfdc53a9d444aaa34e9f5219c7862,2026-08-10,main_breakout_pullback,990f1c2212a4c4e6dbd18a6538eafb59bf5d72445345b1242f1934ea3ea82d45,proxy,price+volume+etf_flow+institutional_quality_proxy,"daily_close,cm_volume_reported_spot_usd_1d,cm_reported_volume_ratio_20,etf_flow_usd_m,etf_positive_streak,etf_positive_week_streak,coinbase_volume_ratio_20,funding_rate",True,False,,2026-08-10T21:00:00+00:00,"{""etf_flow"": {""flow_usd_m"": 101.7, ""positive_days"": 5.0, ""positive_weeks"": 1.0, ""threshold_usd"": null}, ""institutional_quality_proxy"": {""coinbase_volume_ratio"": 0.5549306479383808, ""funding_rate"": 9.6723689051e-05}, ""price"": {""daily_close"": 64899.3}, ""volume"": {""reported_volume_ratio_20"": 0.48292212379843535, ""required"": 1.2}}"
402d72788dc21c21a65500c4c85929b2dd1bfdc53a9d444aaa34e9f5219c7862,2026-08-10,protect_stop_62200,0cbf4db1b27ce2fd5903140ae5cf9c6298d9b0da279a179ac6a54192fd855994,proxy,price+volume,"daily_close,cm_volume_reported_spot_usd_1d,cm_reported_volume_ratio_20",True,False,,2026-08-10T21:00:00+00:00,"{""price"": {""daily_close"": 64899.3}, ""volume"": {""reported_volume_ratio_20"": 0.48292212379843535, ""required"": 1.0}}"
402d72788dc21c21a65500c4c85929b2dd1bfdc53a9d444aaa34e9f5219c7862,2026-08-10,tactical_entry_63300_64000,ee87cf79deaa438b1c74f6eb1e50a825c8605a7944b1e7e04183cc18fd3455ff,proxy,price+stabilization,"hour_low,hour_high,daily_stabilized",True,False,,2026-08-10T21:00:00+00:00,"{""price"": {""hour_high"": 64162.9, ""hour_low"": 63983.9}, ""stabilization"": {""stabilized_proxy"": 0.0}}"
fd3508f35c1d9addbcf4b31e3f90b8fa605f622190cbee3791d4c52611bcc629,2026-08-11,dip_buy_58000_60000,04e086efb07a689a9ffe9aa4f8d92ffaad344b6104e6a7cc877e8143d8146e82,proxy,price,"hour_low,hour_high",True,False,,2026-08-11T21:00:00+00:00,"{""price"": {""hour_high"": 63770.0, ""hour_low"": 63619.3}}"
fd3508f35c1d9addbcf4b31e3f90b8fa605f622190cbee3791d4c52611bcc629,2026-08-11,tactical_reduce_rebound,8478f0e90aff2a7db61f4bdb316948d99b438d5517b96e23186884921b45474f,exact,price+has_position,"hour_low,hour_high,portfolio_state",True,False,,2026-08-11T21:00:00+00:00,"{""has_position"": {""position"": 0.06786712343455006}, ""price"": {""hour_high"": 63770.0, ""hour_low"": 63619.3}}"
fd3508f35c1d9addbcf4b31e3f90b8fa605f622190cbee3791d4c52611bcc629,2026-08-11,usdjpy_shock_full_exit,94cf6dbf9262460e40cfa3289c8afcf44d3ff4107c8fa739e2344215728eddf6,proxy,macro_shock_proxy,"daily_return_1d,cm_reported_volume_ratio_20",True,False,,2026-08-11T21:00:00+00:00,"{""macro_shock_proxy"": {""daily_return"": -0.014252850184824806, ""volume_ratio"": 1.0158026881940112}}"
fd3508f35c1d9addbcf4b31e3f90b8fa605f622190cbee3791d4c52611bcc629,2026-08-11,weekly_breakout_67000,19b3730d917f1e6afe6ac5cb34bac778af4c8312219c11180e1f90dfa9afcde7,proxy,price,weekly_close,True,False,,2026-08-11T21:00:00+00:00,"{""price"": {""weekly_close"": 64899.3}}"
fd3508f35c1d9addbcf4b31e3f90b8fa605f622190cbee3791d4c52611bcc629,2026-08-11,weekly_close_below_62200,552f3639a06d9e0676c449f74268fd89686c31b2a619d7797ab4eebc2333ce60,proxy,price,weekly_close,True,False,,2026-08-11T21:00:00+00:00,"{""price"": {""weekly_close"": 64899.3}}"
6cf13d49b502844f65beebe722e249d6e544823b5ab76098b65feb85ac8147d6,2026-08-12,breakout_confirmation_add,397ef3a97a50396cba01b80bfc1ff33412042740c69dc374e99f7cae0d18bf16,proxy,price,weekly_close,True,False,,2026-08-12T21:00:00+00:00,"{""price"": {""weekly_close"": 64899.3}}"
6cf13d49b502844f65beebe722e249d6e544823b5ab76098b65feb85ac8147d6,2026-08-12,hard_stop_weekly_close_below_57000,43eaed0846a206692fb8b64db071f7e5c2ee5a0e0b6a96539e2bb13bcff6bde2,exact,price,weekly_close,True,False,,2026-08-12T21:00:00+00:00,"{""price"": {""weekly_close"": 64899.3}}"
6cf13d49b502844f65beebe722e249d6e544823b5ab76098b65feb85ac8147d6,2026-08-12,initial_entry_63000,1c1f7bfa170fc4dc4fdf2fcb26a04a5914873874dd51b6a811597630dfe321da,proxy,price,"hour_low,hour_high",True,False,,2026-08-12T21:00:00+00:00,"{""price"": {""hour_high"": 63656.8, ""hour_low"": 63419.9}}"
6cf13d49b502844f65beebe722e249d6e544823b5ab76098b65feb85ac8147d6,2026-08-12,take_profit_100000,3c341ad240317cd239fdbac3d861c2ba96c2f2675a0e418bff1f29ee3dfd4009,exact,price,"hour_low,hour_high",True,False,,2026-08-12T21:00:00+00:00,"{""price"": {""hour_high"": 63656.8, ""hour_low"": 63419.9}}"
6cf13d49b502844f65beebe722e249d6e544823b5ab76098b65feb85ac8147d6,2026-08-12,take_profit_85000,cb70e22ed17763c0669f8dc8cc3738d5dd3bbd0f27e3d087ec065ce7c9abbcd9,exact,price,"hour_low,hour_high",True,False,,2026-08-12T21:00:00+00:00,"{""price"": {""hour_high"": 63656.8, ""hour_low"": 63419.9}}"
6cf13d49b502844f65beebe722e249d6e544823b5ab76098b65feb85ac8147d6,2026-08-12,trend_confirmation_add,fdca5785dc0f04ac32a8a38a08dddcb224ba4a64f9173af76cdf0810c4ed7cde,proxy,price+sma200+stabilization,"weekly_close,daily_close,daily_sma_200,daily_stabilized",True,False,,2026-08-12T21:00:00+00:00,"{""price"": {""weekly_close"": 64899.3}, ""sma200"": {""close"": 63589.4, ""sma200"": 69914.67349999999}, ""stabilization"": {""stabilized_proxy"": 0.0}}"
8ac7ebcfe5edb22019fc9ad1fa2cae00f34da8309d531f6a555070c9c7e1239c,2026-08-13,confirmation_add_final,146eb3eea7ca7b695260efe706936727392e58c1560de702c8d8622ff4d538db,proxy,price,daily_close,True,False,,2026-08-13T21:00:00+00:00,"{""price"": {""daily_close"": 63484.7}}"
8ac7ebcfe5edb22019fc9ad1fa2cae00f34da8309d531f6a555070c9c7e1239c,2026-08-13,confirmation_add_first,ade0bc3f66a6d38766c1273d0ed06ac391a86d4a78d24cebfcda6bf788b07d14,proxy,price+volume,"daily_close,cm_volume_reported_spot_usd_1d,cm_reported_volume_ratio_20",True,False,,2026-08-13T21:00:00+00:00,"{""price"": {""daily_close"": 63484.7}, ""volume"": {""reported_volume_ratio_20"": 1.2497607045673123, ""required"": 1.0}}"
8ac7ebcfe5edb22019fc9ad1fa2cae00f34da8309d531f6a555070c9c7e1239c,2026-08-13,hard_stop_57900,2fa7d71355548bd0972c56dd23b959155f65a75cedd9683bc371cd8a7b236ead,exact,price,daily_close,True,False,,2026-08-13T21:00:00+00:00,"{""price"": {""daily_close"": 63484.7}}"
8ac7ebcfe5edb22019fc9ad1fa2cae00f34da8309d531f6a555070c9c7e1239c,2026-08-13,initial_entry_62200_63500,6afb41051311c80333171885ac8746952d05a2b80e4fffb6196f3da09d9be88e,proxy,price,"hour_low,hour_high",True,True,2026-08-12T22:00:00+00:00,2026-08-12T22:00:00+00:00,"{""price"": {""hour_high"": 63537.6, ""hour_low"": 63371.1}}"
8ac7ebcfe5edb22019fc9ad1fa2cae00f34da8309d531f6a555070c9c7e1239c,2026-08-13,second_entry_combined,90506e5b619c9daac5b6fc3ba6c63d380f22db697192a9ba25fb7daf6565f8a7,proxy,price+volume+stabilization,"hour_low,hour_high,cm_volume_reported_spot_usd_1d,cm_reported_volume_ratio_20,daily_stabilized",True,False,,2026-08-13T21:00:00+00:00,"{""price"": {""hour_high"": 63506.3, ""hour_low"": 63386.8}, ""stabilization"": {""stabilized_proxy"": 0.0}, ""volume"": {""reported_volume_ratio_20"": 1.2497607045673123, ""required"": 1.0}}"
8ac7ebcfe5edb22019fc9ad1fa2cae00f34da8309d531f6a555070c9c7e1239c,2026-08-13,time_stop_62200_66900,3ba90f99de7f656849fd04a547ec8b109cf394f87fff7747c89f3b67f15b6316,exact,price+vwma20,"hour_low,hour_high,daily_close,daily_vwma_20",True,False,,2026-08-13T21:00:00+00:00,"{""price"": {""hour_high"": 63506.3, ""hour_low"": 63386.8}, ""vwma20"": {""close"": 63484.7, ""vwma20"": 64011.86950761057}}"
8ac7ebcfe5edb22019fc9ad1fa2cae00f34da8309d531f6a555070c9c7e1239c,2026-08-13,tp_and_runner_80000,a8a4db04de88f1497041aa1757b26c6068a4c0dff7c5a04edc51d894884287d3,proxy,price+volume,"daily_close,cm_volume_reported_spot_usd_1d,cm_reported_volume_ratio_20",True,False,,2026-08-13T21:00:00+00:00,"{""price"": {""daily_close"": 63484.7}, ""volume"": {""reported_volume_ratio_20"": 1.2497607045673123, ""required"": 1.0}}"
8ac7ebcfe5edb22019fc9ad1fa2cae00f34da8309d531f6a555070c9c7e1239c,2026-08-13,warning_reduce_60000,9bea01c07af79eb07412329a046b490a7cc3cf825d3bc597ff0dfbb1b7264312,proxy,price+volume,"daily_close,cm_volume_reported_spot_usd_1d,cm_reported_volume_ratio_20",True,False,,2026-08-13T21:00:00+00:00,"{""price"": {""daily_close"": 63484.7}, ""volume"": {""reported_volume_ratio_20"": 1.2497607045673123, ""required"": 1.0}}"
9756180599d1e9a624d8b11ab99f8482e6ef4cff310b438492e64468bfbc1c01,2026-08-14,rebound_reduce_66000_67500,c89ab281a1d40f494e52a01f7e9ffc3412e045711ea97ddeaff9dfe4fb32ce54,proxy,price,"hour_low,hour_high",True,False,,2026-08-14T21:00:00+00:00,"{""price"": {""hour_high"": 62939.9, ""hour_low"": 62871.5}}"
9756180599d1e9a624d8b11ab99f8482e6ef4cff310b438492e64468bfbc1c01,2026-08-14,weekly_exit_below_58000,e4138c0af775116132ca93d5e568a70645114fcfcb076ac39d56ec67279e72a7,exact,price,weekly_close,True,False,,2026-08-14T21:00:00+00:00,"{""price"": {""weekly_close"": 64899.3}}"
9756180599d1e9a624d8b11ab99f8482e6ef4cff310b438492e64468bfbc1c01,2026-08-14,weekly_reduce_below_62000,5e22c2bca47e5d7818ecc0f145a3e21692cfcb4d5e50d9c6eadfbaf8e8758fd3,proxy,price,weekly_close,True,False,,2026-08-14T21:00:00+00:00,"{""price"": {""weekly_close"": 64899.3}}"
d67b137e1edc461cab52ea2965cf846c4ca254f72d491bffe759886c01a92797,2026-08-15,daily_reduce_below_62000,c1e38b84c374eaea94ec934526b8b9303de1304d7e91ffc93d480a4e20a54550,proxy,price+volume,"daily_close,cm_volume_reported_spot_usd_1d,cm_reported_volume_ratio_20",True,False,,2026-08-15T21:00:00+00:00,"{""price"": {""daily_close"": 63042.8}, ""volume"": {""reported_volume_ratio_20"": 0.9832452339723705, ""required"": 1.0}}"
d67b137e1edc461cab52ea2965cf846c4ca254f72d491bffe759886c01a92797,2026-08-15,exit_below_58000,37f9d7e8a3810c3da0f1f12f962804255954831f4a6c21a9d6643518725c41db,proxy,price+volume,"hour_low,hour_high,cm_volume_reported_spot_usd_1d,cm_reported_volume_ratio_20",True,False,,2026-08-15T21:00:00+00:00,"{""price"": {""hour_high"": 63163.2, ""hour_low"": 63098.0}, ""volume"": {""reported_volume_ratio_20"": 0.9832452339723705, ""required"": 1.0}}"
d67b137e1edc461cab52ea2965cf846c4ca254f72d491bffe759886c01a92797,2026-08-15,rebound_reduce_64000_66000,e1f87032b529b3df1ce87845e7e06908144a31c48d04b019d18443d39e6b4a8a,exact,price,"hour_low,hour_high",True,False,,2026-08-15T21:00:00+00:00,"{""price"": {""hour_high"": 63163.2, ""hour_low"": 63098.0}}"
d054d882785a0410c78b39f235c9415a43fccfc81d60fc6e8b8e8cbcc92fd2a1,2026-08-16,daily_close_below_62400,173da8117d58e80a71c368ae810d3202ac047b4510d2dfc827663f7f51cdcc64,proxy,price,daily_close,True,False,,2026-08-17T21:00:00+00:00,"{""price"": {""daily_close"": 62903.9}}"
d054d882785a0410c78b39f235c9415a43fccfc81d60fc6e8b8e8cbcc92fd2a1,2026-08-16,rebound_reduce_63500_65300,3a0a91d7199ac116990ed133f58c627b5c233712cd9e4fe01dba119bae3f2f84,proxy,price+rejection,"hour_low,hour_high,daily_bearish_rejection",True,True,2026-08-17T02:00:00+00:00,2026-08-17T02:00:00+00:00,"{""price"": {""hour_high"": 63500.0, ""hour_low"": 63025.4}, ""rejection"": {""rejection_proxy"": 1.0}}"
d054d882785a0410c78b39f235c9415a43fccfc81d60fc6e8b8e8cbcc92fd2a1,2026-08-16,reversal_above_65300,d68317f3d714ebc0138da10278f65e960c652c602e5fee77afc65ef39c34d9ac,proxy,price+volume,"daily_close,cm_volume_reported_spot_usd_1d,cm_reported_volume_ratio_20",True,False,,2026-08-17T21:00:00+00:00,"{""price"": {""daily_close"": 62903.9}, ""volume"": {""reported_volume_ratio_20"": 0.3811807414386111, ""required"": 1.0}}"
622473b454cfee0b3d891ca1df817ba7dc92aa2d045c5d2ca43a865583f9904e,2026-08-18,breakout_add_65300_67000,f59c33f9b3829be8ef37bda17dd582ac5f14e18cf412f5b983b726fb14e781b4,proxy,price+volume+institutional_quality_proxy,"daily_close,cm_volume_reported_spot_usd_1d,cm_reported_volume_ratio_20,coinbase_volume_ratio_20,funding_rate",True,False,,2026-08-18T21:00:00+00:00,"{""institutional_quality_proxy"": {""coinbase_volume_ratio"": 1.1635557867065902, ""funding_rate"": 1.96881311933e-05}, ""price"": {""daily_close"": 64532.4}, ""volume"": {""reported_volume_ratio_20"": 1.1718484598405206, ""required"": 1.2}}"
622473b454cfee0b3d891ca1df817ba7dc92aa2d045c5d2ca43a865583f9904e,2026-08-18,deeper_pullback_60000_61000,25de1c78f60dad35417d4e409609b6b34acbf82cbfc04c6c5b539724f87a3b88,proxy,price+stabilization,"hour_low,hour_high,daily_stabilized",True,False,,2026-08-18T21:00:00+00:00,"{""price"": {""hour_high"": 64663.8, ""hour_low"": 64571.3}, ""stabilization"": {""stabilized_proxy"": 1.0}}"
622473b454cfee0b3d891ca1df817ba7dc92aa2d045c5d2ca43a865583f9904e,2026-08-18,event_risk_reduce,a1db8fc550b78d87d6a8f2ac8437020e56fecceb6ce98322bdcc2f70a6b04ce9,proxy,event_window,event_risk_window,True,False,,2026-08-18T21:00:00+00:00,"{""event_window"": {""event_risk_window"": 0.0}}"
622473b454cfee0b3d891ca1df817ba7dc92aa2d045c5d2ca43a865583f9904e,2026-08-18,final_add_67000,1b9b84c5de8b7e4a840f5158b5290f098329accf9abd2d4362814c736a53d59d,proxy,price+volume,"daily_close,cm_volume_reported_spot_usd_1d,cm_reported_volume_ratio_20",True,False,,2026-08-18T21:00:00+00:00,"{""price"": {""daily_close"": 64532.4}, ""volume"": {""reported_volume_ratio_20"": 1.1718484598405206, ""required"": 1.0}}"
622473b454cfee0b3d891ca1df817ba7dc92aa2d045c5d2ca43a865583f9904e,2026-08-18,hard_stop_below_57700,ab01f14f5ac3bb34939ed56145ceed42f09196befd387ffc89a097c885946967,exact,price,daily_close,True,False,,2026-08-18T21:00:00+00:00,"{""price"": {""daily_close"": 64532.4}}"
622473b454cfee0b3d891ca1df817ba7dc92aa2d045c5d2ca43a865583f9904e,2026-08-18,pullback_62200_63000,653293acc65ddc2f0cc218a594908e76f05e753aef1a172b92c00e44ca7086bf,exact,price,"hour_low,hour_high",True,False,,2026-08-18T21:00:00+00:00,"{""price"": {""hour_high"": 64663.8, ""hour_low"": 64571.3}}"
622473b454cfee0b3d891ca1df817ba7dc92aa2d045c5d2ca43a865583f9904e,2026-08-18,take_profit_67000_70000,94f869462796e939df5d4036337612fd92f972782a0e9313ba3d0f5db5eca605,proxy,price,"hour_low,hour_high",True,False,,2026-08-18T21:00:00+00:00,"{""price"": {""hour_high"": 64663.8, ""hour_low"": 64571.3}}"
6177faad2c40347a0927b5129eee10ea601734f648c0170c2b4820918ab3dd0b,2026-08-19,breakout_add_65400,64805dd5dca603352f080240cb4020b5f64999023753ffdf78e779b67f2f2193,proxy,price+volume,"daily_close,cm_volume_reported_spot_usd_1d,cm_reported_volume_ratio_20",True,True,2026-08-20T00:00:00+00:00,2026-08-20T00:00:00+00:00,"{""price"": {""daily_close"": 69337.1}, ""volume"": {""reported_volume_ratio_20"": 2.8046982082271987, ""required"": 1.2}}"
6177faad2c40347a0927b5129eee10ea601734f648c0170c2b4820918ab3dd0b,2026-08-19,hard_exit_weekly_54000,4c46755627c73835da3d8536f781224a9eadea4d6cc1531cd530c4c276f00154,exact,price,weekly_close,True,False,,2026-08-20T21:00:00+00:00,"{""price"": {""weekly_close"": 62903.9}}"
6177faad2c40347a0927b5129eee10ea601734f648c0170c2b4820918ab3dd0b,2026-08-19,momentum_stop_63800,f9b82435430d1d7312a48e717409ed8b5ba12b3e79cf7c0c78c049da1bb4342d,exact,price,daily_close,True,False,,2026-08-20T21:00:00+00:00,"{""price"": {""daily_close"": 69337.1}}"
6177faad2c40347a0927b5129eee10ea601734f648c0170c2b4820918ab3dd0b,2026-08-19,pullback_tranches_61500_60000,a4088e4abbe5e7ed0b46cfb40e3f61a3e7c2005b04e24b5142470bdf3ca7fc99,proxy,price,daily_close,True,False,,2026-08-20T21:00:00+00:00,"{""price"": {""daily_close"": 69337.1}}"
6177faad2c40347a0927b5129eee10ea601734f648c0170c2b4820918ab3dd0b,2026-08-19,stop_new_reduce_62300,35a0a60875499a4621656885ad9c74e54d1e82809f30ffc7b64e0d5b6521d5cd,exact,price,daily_close,True,False,,2026-08-20T21:00:00+00:00,"{""price"": {""daily_close"": 69337.1}}"
6177faad2c40347a0927b5129eee10ea601734f648c0170c2b4820918ab3dd0b,2026-08-19,take_profit_69000_reject,e0384b4524d58ffb288ae46504cd53c02c87c80f4bf925e4ecc7857acaa5ad8d,proxy,price+rejection,"hour_low,hour_high,daily_bearish_rejection",True,False,,2026-08-20T21:00:00+00:00,"{""price"": {""hour_high"": 72845.3, ""hour_low"": 72550.2}, ""rejection"": {""rejection_proxy"": 0.0}}"
7028616b4986288b67d579b7947d6167ca3841e8f71f6932e9da9a343e4e1a97,2026-08-21,breakout_retest_add,48a9d365dd63146f51abc667eb5bdca6952f2c996ac5b82a6cf1e172e1a3505c,proxy,price+active_plan_has_fill,"daily_close,execution_state",True,True,2026-08-22T21:00:00+00:00,2026-08-22T21:00:00+00:00,"{""active_plan_has_fill"": {""active_plan_fill_count"": 4}, ""price"": {""daily_close"": 78339.3}}"
7028616b4986288b67d579b7947d6167ca3841e8f71f6932e9da9a343e4e1a97,2026-08-21,breakout_retest_first,0bded6909a0d38b0002084763ba8bfdd14fc3a189c5731fd83a6b85f0746e8b2,proxy,price,daily_close,True,True,2026-08-22T00:00:00+00:00,2026-08-22T00:00:00+00:00,"{""price"": {""daily_close"": 78339.3}}"
7028616b4986288b67d579b7947d6167ca3841e8f71f6932e9da9a343e4e1a97,2026-08-21,extension_95000,1ef0436ac426a61935d092e911cbdadfb8bde73fff10b91a3aeeec4058f0e056,exact,price,daily_close,True,True,2026-08-22T00:00:00+00:00,2026-08-22T00:00:00+00:00,"{""price"": {""daily_close"": 78339.3}}"
7028616b4986288b67d579b7947d6167ca3841e8f71f6932e9da9a343e4e1a97,2026-08-21,hard_stop_66000,44c0d5f346f047b57dc9dede25ffe49383fbd409e8810ed80f517ebbd91e4d1a,exact,price,daily_close,True,False,,2026-08-22T21:00:00+00:00,"{""price"": {""daily_close"": 78339.3}}"
7028616b4986288b67d579b7947d6167ca3841e8f71f6932e9da9a343e4e1a97,2026-08-21,reclaim_69000_add,29d519d2617c188b905df8ec40065f872425b94b03d3dea5a059c4c9cd3c737f,proxy,price,daily_close,True,True,2026-08-20T22:00:00+00:00,2026-08-20T22:00:00+00:00,"{""price"": {""daily_close"": 69337.1}}"
7028616b4986288b67d579b7947d6167ca3841e8f71f6932e9da9a343e4e1a97,2026-08-21,target_1_74900,c8b20f4e23f7af5eefeab08856efe4f48d5cfb5e8ea71eb7e719d96f4fcc33a8,exact,price,"hour_low,hour_high",True,True,2026-08-21T01:00:00+00:00,2026-08-21T01:00:00+00:00,"{""price"": {""hour_high"": 75779.4, ""hour_low"": 73664.2}}"
7028616b4986288b67d579b7947d6167ca3841e8f71f6932e9da9a343e4e1a97,2026-08-21,target_2_79500,be2853c9f0e1b21b1fd9befe0b1b059622704640c3be5d230e6ccf7385a16583,exact,price,"hour_low,hour_high",True,True,2026-08-21T08:00:00+00:00,2026-08-21T08:00:00+00:00,"{""price"": {""hour_high"": 79515.7, ""hour_low"": 76248.9}}"
7f5ca7dc324fbd539d2593ffd881143f3380e0260eaee9ed1787d5e7715af9cc,2026-08-23,breakout_retest_add,6b8eaa8b5ef25f3bcd7ba34bcb84eebdcea757a33a6e858f47c07a10df0b0e04,proxy,price+volume,"hour_low,hour_high,cm_volume_reported_spot_usd_1d,cm_reported_volume_ratio_20",True,False,,2026-08-23T21:00:00+00:00,"{""price"": {""hour_high"": 78065.7, ""hour_low"": 77402.8}, ""volume"": {""reported_volume_ratio_20"": 1.4478052436621873, ""required"": 1.0}}"
7f5ca7dc324fbd539d2593ffd881143f3380e0260eaee9ed1787d5e7715af9cc,2026-08-23,hard_stop_62000,dd0f20572dd57341bd711b0147a146a4d9b2f382e1be3dda8f93ea93e2aa7239,exact,price,daily_close,True,False,,2026-08-23T21:00:00+00:00,"{""price"": {""daily_close"": 77070.7}}"
7f5ca7dc324fbd539d2593ffd881143f3380e0260eaee9ed1787d5e7715af9cc,2026-08-23,hard_stop_69000,0d5cd046d88c5c7f4517f56d9ec3631a1d1aa5c629f803a37e57920edf9291d8,exact,price,daily_close,True,False,,2026-08-23T21:00:00+00:00,"{""price"": {""daily_close"": 77070.7}}"
7f5ca7dc324fbd539d2593ffd881143f3380e0260eaee9ed1787d5e7715af9cc,2026-08-23,pullback_adds,7d8c6092cccaafdf9ba4a62ba999c4e891a99fc09972f6ffb18e874a0fd1fdbc,proxy,price+volume+vwma20+stabilization,"hour_low,hour_high,cm_volume_reported_spot_usd_1d,cm_reported_volume_ratio_20,daily_close,daily_vwma_20,daily_stabilized",True,False,,2026-08-23T21:00:00+00:00,"{""price"": {""hour_high"": 78065.7, ""hour_low"": 77402.8}, ""stabilization"": {""stabilized_proxy"": 0.0}, ""volume"": {""reported_volume_ratio_20"": 1.4478052436621873}, ""vwma20"": {""close"": 77070.7, ""vwma20"": 68864.28731937916}}"
7f5ca7dc324fbd539d2593ffd881143f3380e0260eaee9ed1787d5e7715af9cc,2026-08-23,target_126000,8f2074608b12675159abc3cdc40f1fee147814be93d09c0adb6bc591ffbd2bc4,exact,price,"hour_low,hour_high",True,False,,2026-08-23T21:00:00+00:00,"{""price"": {""hour_high"": 78065.7, ""hour_low"": 77402.8}}"
7f5ca7dc324fbd539d2593ffd881143f3380e0260eaee9ed1787d5e7715af9cc,2026-08-23,target_82800,226a418db03eb1483faa807b5a7f236a869f051470fe9aec80c0822c446d4440,exact,price,"hour_low,hour_high",True,False,,2026-08-23T21:00:00+00:00,"{""price"": {""hour_high"": 78065.7, ""hour_low"": 77402.8}}"
7f5ca7dc324fbd539d2593ffd881143f3380e0260eaee9ed1787d5e7715af9cc,2026-08-23,target_90000,e29c35b671c36712b3d3ddbb74dfc08435c0fdd924861195e7a5d1fb3d45a003,exact,price,"hour_low,hour_high",True,False,,2026-08-23T21:00:00+00:00,"{""price"": {""hour_high"": 78065.7, ""hour_low"": 77402.8}}"
626dc95af2ce6d1093ae954a0227f1dbfbbd92a4634f34e7ee231dc3e5935539,2026-08-24,breakout_add_79600,ac83ef152282fafa328e7b4ff25bc58ba944ddb1ec505b8f963493cf7d5d3482,proxy,price+volume,"daily_close,cm_volume_reported_spot_usd_1d,cm_reported_volume_ratio_20",True,False,,2026-08-24T21:00:00+00:00,"{""price"": {""daily_close"": 77742.9}, ""volume"": {""reported_volume_ratio_20"": 1.1373955925959736, ""required"": 1.2}}"
626dc95af2ce6d1093ae954a0227f1dbfbbd92a4634f34e7ee231dc3e5935539,2026-08-24,breakout_stop_76500,7f4a350355c0cd86566f0fdc7f833033febfc74aba8e723ec23be30af2c201b2,exact,price,daily_close,True,False,,2026-08-24T21:00:00+00:00,"{""price"": {""daily_close"": 77742.9}}"
626dc95af2ce6d1093ae954a0227f1dbfbbd92a4634f34e7ee231dc3e5935539,2026-08-24,core_stop_70000,a69ac7269d9cafe8953e88780795af6c6c0feb2bf4560e073c6e184e19e97cd4,exact,price,daily_close,True,False,,2026-08-24T21:00:00+00:00,"{""price"": {""daily_close"": 77742.9}}"
626dc95af2ce6d1093ae954a0227f1dbfbbd92a4634f34e7ee231dc3e5935539,2026-08-24,extended_targets_85000_90000,94be045e44b0e76259c68aea04a437b3466cff92d80edef492722bbbdcb3f67a,proxy,price,daily_close,True,False,,2026-08-24T21:00:00+00:00,"{""price"": {""daily_close"": 77742.9}}"
626dc95af2ce6d1093ae954a0227f1dbfbbd92a4634f34e7ee231dc3e5935539,2026-08-24,stall_at_82800,02e993cb79fefcb38cf13c79b8b04a6a225aaf6fdc705396964da7dec80db019,proxy,price+rejection,"hour_low,hour_high,daily_bearish_rejection",True,False,,2026-08-24T21:00:00+00:00,"{""price"": {""hour_high"": 79049.8, ""hour_low"": 78856.5}, ""rejection"": {""rejection_proxy"": 0.0}}"
626dc95af2ce6d1093ae954a0227f1dbfbbd92a4634f34e7ee231dc3e5935539,2026-08-24,target_82800,e7459239b00b3a4ef1338c4fbfed8548f6d24d713c175efc956ae922e7475a1f,proxy,price,"hour_low,hour_high",True,False,,2026-08-24T21:00:00+00:00,"{""price"": {""hour_high"": 79049.8, ""hour_low"": 78856.5}}"
64ddf71801b62e5e32c9c2874bda7e7e5a1c0af170e3e671aaf7e0f74b5282db,2026-08-25,core_stop_72000,2b699f2016941a31c101c0768afd6f5529f34d162c078cc2c9aac8c5d038b6e9,exact,price,daily_close,True,False,,2026-08-25T21:00:00+00:00,"{""price"": {""daily_close"": 78992.1}}"
64ddf71801b62e5e32c9c2874bda7e7e5a1c0af170e3e671aaf7e0f74b5282db,2026-08-25,reentry_pullback_72000_75000,35dca6512db428f518bda30ef1ca9efc8a8c9d4d3380872ed4aef75e8a29a969,proxy,price+volume+etf_flow+sentiment+institutional_quality_proxy+mstr_proxy,"hour_low,hour_high,cm_volume_reported_spot_usd_1d,cm_reported_volume_ratio_20,etf_flow_usd_m,etf_positive_streak,etf_positive_week_streak,fear_greed,coinbase_volume_ratio_20,funding_rate",True,False,,2026-08-25T21:00:00+00:00,"{""etf_flow"": {""flow_usd_m"": 337.6, ""positive_days"": 6.0, ""positive_weeks"": 4.0, ""threshold_usd"": null}, ""institutional_quality_proxy"": {""coinbase_volume_ratio"": 1.7988122303297616, ""funding_rate"": 5.60993670634e-05}, ""mstr_proxy"": {""etf_flow_proxy"": 337.6}, ""price"": {""hour_high"": 78664.9, ""hour_low"": 77854.1}, ""sentiment"": {""fear_greed"": 74.0, ""threshold"": 50.0}, ""volume"": {""reported_volume_ratio_20"": 1.9239595501352358, ""required"": 1.0}}"
64ddf71801b62e5e32c9c2874bda7e7e5a1c0af170e3e671aaf7e0f74b5282db,2026-08-25,reentry_reclaim_82800,b51ba7921c89823b240b5df349c7ad142baba80a875b9a7fb40cd59c6afe3391,proxy,price,daily_close,True,False,,2026-08-25T21:00:00+00:00,"{""price"": {""daily_close"": 78992.1}}"
64ddf71801b62e5e32c9c2874bda7e7e5a1c0af170e3e671aaf7e0f74b5282db,2026-08-25,warning_76800,45ad01595ba0fed6845ae996cfd0e811c57a072efa27e2ac75284baa185b83ae,exact,price,daily_close,True,False,,2026-08-25T21:00:00+00:00,"{""price"": {""daily_close"": 78992.1}}"
aaf3816877e4d8604238edf4bcffbb2ae157d9ad11949cbea143b561ef64da39,2026-08-26,breakout_buy_81000,17b002da03fcdbcb86fc9f318e9b0b465c020dc422c5845ad78e3ebf94298756,proxy,price+volume+institutional_quality_proxy,"daily_close,cm_volume_reported_spot_usd_1d,cm_reported_volume_ratio_20,coinbase_volume_ratio_20,funding_rate",True,False,,2026-08-26T21:00:00+00:00,"{""institutional_quality_proxy"": {""coinbase_volume_ratio"": 1.6575074512182237, ""funding_rate"": 5.65958949127e-05}, ""price"": {""daily_close"": 78542.1}, ""volume"": {""reported_volume_ratio_20"": 1.7876498243862495, ""required"": 1.0}}"
aaf3816877e4d8604238edf4bcffbb2ae157d9ad11949cbea143b561ef64da39,2026-08-26,breakout_retest_79000,b3bbc1dfe48d89b84844af5312ec1f43927434a563776d010b85c892c9a2d003,proxy,price+stabilization,"hour_low,hour_high,daily_stabilized",True,True,2026-08-25T22:00:00+00:00,2026-08-25T22:00:00+00:00,"{""price"": {""hour_high"": 79003.0, ""hour_low"": 78567.8}, ""stabilization"": {""stabilized_proxy"": 1.0}}"
aaf3816877e4d8604238edf4bcffbb2ae157d9ad11949cbea143b561ef64da39,2026-08-26,breakout_retest_81000,3e1485b739804594d0e603676e4f79f394ec9fdd0b15421680e36032b44caa11,proxy,price+stabilization,"hour_low,hour_high,daily_stabilized",True,False,,2026-08-26T21:00:00+00:00,"{""price"": {""hour_high"": 78845.6, ""hour_low"": 78381.2}, ""stabilization"": {""stabilized_proxy"": 0.0}}"
aaf3816877e4d8604238edf4bcffbb2ae157d9ad11949cbea143b561ef64da39,2026-08-26,invalidation_exit_69000_70000,bb92f9a134e82cec3d2e1299c9c3380b248bd02a370dbf6f1615878eeb263e1a,exact,price,daily_close,True,False,,2026-08-26T21:00:00+00:00,"{""price"": {""daily_close"": 78542.1}}"
aaf3816877e4d8604238edf4bcffbb2ae157d9ad11949cbea143b561ef64da39,2026-08-26,pullback_buy_69500_70000,e47f86062e74ca85ec0cae53d35ab546352eb00a6cf99d834de3f8819f7c5c15,proxy,price+funding+ema10+stabilization,"hour_low,hour_high,funding_rate,daily_close,daily_ema_10,daily_stabilized",True,False,,2026-08-26T21:00:00+00:00,"{""ema10"": {""close"": 78542.1, ""ema10"": 73886.06533115554}, ""funding"": {""funding_rate"": 5.65958949127e-05, ""threshold"": null}, ""price"": {""hour_high"": 78845.6, ""hour_low"": 78381.2}, ""stabilization"": {""stabilized_proxy"": 0.0}}"
aaf3816877e4d8604238edf4bcffbb2ae157d9ad11949cbea143b561ef64da39,2026-08-26,pullback_buy_72000_72500,538bda570d097add0569682f6ed35111a10d470667afc7a1fd1af922b29c1b3d,proxy,price+funding+ema10+stabilization,"hour_low,hour_high,funding_rate,daily_close,daily_ema_10,daily_stabilized",True,False,,2026-08-26T21:00:00+00:00,"{""ema10"": {""close"": 78542.1, ""ema10"": 73886.06533115554}, ""funding"": {""funding_rate"": 5.65958949127e-05, ""threshold"": null}, ""price"": {""hour_high"": 78845.6, ""hour_low"": 78381.2}, ""stabilization"": {""stabilized_proxy"": 0.0}}"
aaf3816877e4d8604238edf4bcffbb2ae157d9ad11949cbea143b561ef64da39,2026-08-26,pullback_buy_74000_74500,c1bb4364424057f32eca547768ce7cfcf729596fb7eee3f7fc76c96451044300,proxy,price+funding+ema10+stabilization,"hour_low,hour_high,funding_rate,daily_close,daily_ema_10,daily_stabilized",True,False,,2026-08-26T21:00:00+00:00,"{""ema10"": {""close"": 78542.1, ""ema10"": 73886.06533115554}, ""funding"": {""funding_rate"": 5.65958949127e-05, ""threshold"": null}, ""price"": {""hour_high"": 78845.6, ""hour_low"": 78381.2}, ""stabilization"": {""stabilized_proxy"": 0.0}}"
aaf3816877e4d8604238edf4bcffbb2ae157d9ad11949cbea143b561ef64da39,2026-08-26,reduce_excess_rebound_82800_84000,184972899451074141789597c8e4f05b4b96838efa5d6d1d72fc5493f6de9f5c,proxy,price,"hour_low,hour_high",True,False,,2026-08-26T21:00:00+00:00,"{""price"": {""hour_high"": 78845.6, ""hour_low"": 78381.2}}"
237b4074cd1dd9fd107aa597d1f84525e1c857a2db8fe50d4281d58e74697d54,2026-08-27,breakout_buy_81300,52fd0098d99cbb0d8efd0f554c7b3e97be04bd2469b59f6ebd985c6274eb889b,proxy,price+volume+etf_flow,"daily_close,cm_volume_reported_spot_usd_1d,cm_reported_volume_ratio_20,etf_flow_usd_m,etf_positive_streak,etf_positive_week_streak",True,False,,2026-08-27T21:00:00+00:00,"{""etf_flow"": {""flow_usd_m"": 232.2, ""positive_days"": 8.0, ""positive_weeks"": 4.0, ""threshold_usd"": null}, ""price"": {""daily_close"": 79031.1}, ""volume"": {""reported_volume_ratio_20"": 1.0824359157741026, ""required"": 1.0}}"
237b4074cd1dd9fd107aa597d1f84525e1c857a2db8fe50d4281d58e74697d54,2026-08-27,invalidation_exit_69000,1250d995a4de257791a9ba44953475a99e8742a11228b5ab91132b7de01c0f58,exact,price,daily_close,True,False,,2026-08-27T21:00:00+00:00,"{""price"": {""daily_close"": 79031.1}}"
237b4074cd1dd9fd107aa597d1f84525e1c857a2db8fe50d4281d58e74697d54,2026-08-27,pullback_buy_70000_72000,52e7926c38c18c1469a5087f94ee317a190b350b6f04e31e1bd4fb57a4cca1b9,proxy,price+sma200+stabilization,"hour_low,hour_high,daily_close,daily_sma_200,daily_stabilized",True,False,,2026-08-27T21:00:00+00:00,"{""price"": {""hour_high"": 80191.0, ""hour_low"": 79974.2}, ""sma200"": {""close"": 79031.1, ""sma200"": 69211.9855}, ""stabilization"": {""stabilized_proxy"": 1.0}}"
237b4074cd1dd9fd107aa597d1f84525e1c857a2db8fe50d4281d58e74697d54,2026-08-27,pullback_buy_73500_74700,3e8b5f592cc89a071cc2921fd0961a069f85f28ccab381c3db008c13a12960bc,proxy,price+ema10+stabilization,"hour_low,hour_high,daily_close,daily_ema_10,daily_stabilized",True,False,,2026-08-27T21:00:00+00:00,"{""ema10"": {""close"": 79031.1, ""ema10"": 74821.52618003635}, ""price"": {""hour_high"": 80191.0, ""hour_low"": 79974.2}, ""stabilization"": {""stabilized_proxy"": 1.0}}"
237b4074cd1dd9fd107aa597d1f84525e1c857a2db8fe50d4281d58e74697d54,2026-08-27,reduce_weak_rebound_79000_81000,7a90fab06666e2195131a571d8ee10fff6bb50da2b7737394a3847e0061bf30f,proxy,price+rejection,"hour_low,hour_high,daily_bearish_rejection",True,True,2026-08-26T23:00:00+00:00,2026-08-26T23:00:00+00:00,"{""price"": {""hour_high"": 79172.6, ""hour_low"": 78645.2}, ""rejection"": {""rejection_proxy"": 1.0}}"
d91ad561fb019f7ece5b725ac0f8b33760aa5b176316e53f1248e6c3c717d04d,2026-08-28,add1_76500_75500,120ed62aeb909ed2e3a6d9354abeb8178467673fbcf5fc5d6fa6f4393d0aff38,proxy,price+ema10+stabilization,"hour_low,hour_high,daily_close,daily_ema_10,daily_stabilized",True,False,,2026-08-28T21:00:00+00:00,"{""ema10"": {""close"": 80246.3, ""ema10"": 75807.848692757}, ""price"": {""hour_high"": 77532.7, ""hour_low"": 77254.5}, ""stabilization"": {""stabilized_proxy"": 1.0}}"
d91ad561fb019f7ece5b725ac0f8b33760aa5b176316e53f1248e6c3c717d04d,2026-08-28,add2_73500_74000,ead093553cbcabdfd6a139d9265a8971345ad69e4da4486c11ce7e65323dd7da,exact,price,"hour_low,hour_high",True,False,,2026-08-28T21:00:00+00:00,"{""price"": {""hour_high"": 77532.7, ""hour_low"": 77254.5}}"
d91ad561fb019f7ece5b725ac0f8b33760aa5b176316e53f1248e6c3c717d04d,2026-08-28,breakout_83900,ab4b2d09857cccd87041b8874346c2b27649ed45b9b0f55cdb04ee6bb14389b8,proxy,price+volume,"daily_close,cm_volume_reported_spot_usd_1d,cm_reported_volume_ratio_20",True,False,,2026-08-28T21:00:00+00:00,"{""price"": {""daily_close"": 80246.3}, ""volume"": {""reported_volume_ratio_20"": 1.2672981336950115, ""required"": 1.0}}"
d91ad561fb019f7ece5b725ac0f8b33760aa5b176316e53f1248e6c3c717d04d,2026-08-28,invalidation_exit_69200,543bb07b741e7cf4e547e710eeed4e50c39249d0c56de91133f264bb9e1db58f,exact,price,daily_close,True,False,,2026-08-28T21:00:00+00:00,"{""price"": {""daily_close"": 80246.3}}"
6164c4e67fa92d48634e6339832af79af3267b9d14bcc73208bf363932bab0da,2026-08-29,breakout_83000,bee4f410f39af06fc826adc35aec078c020e870cde3c555b38cfdde52e2fffa3,proxy,price+etf_flow+funding,"weekly_close,etf_flow_usd_m,etf_positive_streak,etf_positive_week_streak,funding_rate",True,False,,2026-08-29T21:00:00+00:00,"{""etf_flow"": {""flow_usd_m"": -201.9, ""positive_days"": 0.0, ""positive_weeks"": 4.0, ""threshold_usd"": null}, ""funding"": {""funding_rate"": 4.38328499472e-05, ""threshold"": null}, ""price"": {""weekly_close"": 77742.9}}"
6164c4e67fa92d48634e6339832af79af3267b9d14bcc73208bf363932bab0da,2026-08-29,drop_66000_66500,40bd6642f68f47d6e958a144ea3684c1e5564de41a1d14f33c8ed5fe3c6986e7,exact,price,"hour_low,hour_high",True,False,,2026-08-29T21:00:00+00:00,"{""price"": {""hour_high"": 78209.0, ""hour_low"": 78058.7}}"
6164c4e67fa92d48634e6339832af79af3267b9d14bcc73208bf363932bab0da,2026-08-29,invalidation_exit_66400,1902559e3bfc14d71df3c27e6132495329de4e3052fd841eeae7c11ece0501ab,exact,price,weekly_close,True,False,,2026-08-29T21:00:00+00:00,"{""price"": {""weekly_close"": 77742.9}}"
6164c4e67fa92d48634e6339832af79af3267b9d14bcc73208bf363932bab0da,2026-08-29,probe_73000_73200,32fb0adf8c0f95d80e96d5422a8357b6f42e48685f8b74f210b5d05afce6be85,proxy,price+stabilization,"hour_low,hour_high,daily_stabilized",True,False,,2026-08-29T21:00:00+00:00,"{""price"": {""hour_high"": 78209.0, ""hour_low"": 78058.7}, ""stabilization"": {""stabilized_proxy"": 0.0}}"
6164c4e67fa92d48634e6339832af79af3267b9d14bcc73208bf363932bab0da,2026-08-29,pullback_67000_70000,d7f190c29b374b1133e9d39b41fe7322a476eaefb02331d659ed0bb5d5492fe8,exact,price,"hour_low,hour_high",True,False,,2026-08-29T21:00:00+00:00,"{""price"": {""hour_high"": 78209.0, ""hour_low"": 78058.7}}"
c4673e77380e436146cab38b3cfb5d8b6ab41bb8639ec1d5c91fb2da2208ca8c,2026-08-30,breakout_reentry_86000,7fc416e049ac96b46d2be2e3e2cecca46185bd92a68c52f29c655d2988322143,proxy,price+volume+institutional_quality_proxy,"daily_close,cm_volume_reported_spot_usd_1d,cm_reported_volume_ratio_20,coinbase_volume_ratio_20,funding_rate",True,False,,2026-08-31T21:00:00+00:00,"{""institutional_quality_proxy"": {""coinbase_volume_ratio"": 0.5397970303090582, ""funding_rate"": 7.44588100483e-05}, ""price"": {""daily_close"": 77677.7}, ""volume"": {""reported_volume_ratio_20"": 0.5861004155582321, ""required"": 1.0}}"
c4673e77380e436146cab38b3cfb5d8b6ab41bb8639ec1d5c91fb2da2208ca8c,2026-08-30,rally_supply_reduce,cea33796394fd9453e4c59f64d1c959b30a07b31a783dc6c6b2a8f79c8c89c76,exact,price,"hour_low,hour_high",True,False,,2026-08-31T21:00:00+00:00,"{""price"": {""hour_high"": 79069.7, ""hour_low"": 78731.6}}"
c4673e77380e436146cab38b3cfb5d8b6ab41bb8639ec1d5c91fb2da2208ca8c,2026-08-30,runner_stop_daily_close_73000,981e7ea12b30e950cf805136b25e1d7cf4fa6a9f14fbdcf54fec22427776ba40,exact,price,daily_close,True,False,,2026-08-31T21:00:00+00:00,"{""price"": {""daily_close"": 77677.7}}"
c4673e77380e436146cab38b3cfb5d8b6ab41bb8639ec1d5c91fb2da2208ca8c,2026-08-30,washout_reentry_69000_72000,abb377074cd0fdcf74ae5bf424cb09d585428e60d6334cfbb25ead5f51483942,proxy,price+sentiment+bullish_divergence,"hour_low,hour_high,fear_greed,daily_bullish_divergence",True,False,,2026-08-31T21:00:00+00:00,"{""bullish_divergence"": {""bullish_divergence_proxy"": 0.0}, ""price"": {""hour_high"": 79069.7, ""hour_low"": 78731.6}, ""sentiment"": {""fear_greed"": 62.0, ""threshold"": 50.0}}"
8ef100cb5021913f2a83b62dd3a058f27cb19b06da04d7e3ef51966f2a29b809,2026-09-01,breakout_long_weekly_82800,618fa864963db27363915879ed5bfc1827063c2399336ea21c8fdc78f381ac61,proxy,price+volume,"weekly_close,cm_volume_reported_spot_usd_1d,cm_reported_volume_ratio_20",True,False,,2026-09-01T21:00:00+00:00,"{""price"": {""weekly_close"": 77677.7}, ""volume"": {""reported_volume_ratio_20"": 0.9898123218758283, ""required"": 1.0}}"
8ef100cb5021913f2a83b62dd3a058f27cb19b06da04d7e3ef51966f2a29b809,2026-09-01,defensive_management_breakdown,52688a5a1dda8f0c39d9d9ee897dc4853ba447fa69acebc634d213e74fd8708f,exact,price,"hour_low,hour_high",True,False,,2026-09-01T21:00:00+00:00,"{""price"": {""hour_high"": 77522.9, ""hour_low"": 76911.9}}"
8ef100cb5021913f2a83b62dd3a058f27cb19b06da04d7e3ef51966f2a29b809,2026-09-01,hard_invalidation_weekly_69400,3741ed888b52150481a933eec1be066f0be3f502750f950d4fd7c8c2a51c5960,exact,price,weekly_close,True,False,,2026-09-01T21:00:00+00:00,"{""price"": {""weekly_close"": 77677.7}}"
8ef100cb5021913f2a83b62dd3a058f27cb19b06da04d7e3ef51966f2a29b809,2026-09-01,pullback_long_72000_75000,6def80eb93d513b98a937c4846f11a70836e6e64628b958ccf35ca6eb1ce5af9,proxy,price+sentiment+stabilization,"hour_low,hour_high,fear_greed,daily_stabilized",True,False,,2026-09-01T21:00:00+00:00,"{""price"": {""hour_high"": 77522.9, ""hour_low"": 76911.9}, ""sentiment"": {""fear_greed"": 69.0, ""threshold"": 50.0}, ""stabilization"": {""stabilized_proxy"": 1.0}}"
8ef100cb5021913f2a83b62dd3a058f27cb19b06da04d7e3ef51966f2a29b809,2026-09-01,take_profit_resistance_80300_82800,99c081c8440b4639d54be872820ef8c8f035255519252e9b378d3550d0a47614,exact,price,"hour_low,hour_high",True,False,,2026-09-01T21:00:00+00:00,"{""price"": {""hour_high"": 77522.9, ""hour_low"": 76911.9}}"
639e5f740448fe81e7e1ec904e575d473e665ca1d2216998206a573603a3e46c,2026-09-02,buy_breakout_81235,a09152b4a67ebf8cc62bcfbae02b417c86b1584057981339b9e80d0a1cc649ea,proxy,price+volume+etf_flow+institutional_quality_proxy,"daily_close,cm_volume_reported_spot_usd_1d,cm_reported_volume_ratio_20,etf_flow_usd_m,etf_positive_streak,etf_positive_week_streak,coinbase_volume_ratio_20,funding_rate",True,False,,2026-09-02T21:00:00+00:00,"{""etf_flow"": {""flow_usd_m"": -236.5, ""positive_days"": 0.0, ""positive_weeks"": 5.0, ""threshold_usd"": null}, ""institutional_quality_proxy"": {""coinbase_volume_ratio"": 0.9770610710399866, ""funding_rate"": 7.64625270974e-05}, ""price"": {""daily_close"": 77434.7}, ""volume"": {""reported_volume_ratio_20"": 1.0758573472534214, ""required"": 1.0}}"
639e5f740448fe81e7e1ec904e575d473e665ca1d2216998206a573603a3e46c,2026-09-02,buy_pullback_69500_70500,3a594de6acc58ffc0e360febac25875f8e9a00c739763e20080a16823a7a8c72,exact,price,"hour_low,hour_high",True,False,,2026-09-02T21:00:00+00:00,"{""price"": {""hour_high"": 77433.6, ""hour_low"": 77239.7}}"
639e5f740448fe81e7e1ec904e575d473e665ca1d2216998206a573603a3e46c,2026-09-02,buy_pullback_73000_73500,3ece2fa509560154843e7a04b5a4ebae199346505000e1dc830ff83488d0018b,proxy,price,daily_close,True,False,,2026-09-02T21:00:00+00:00,"{""price"": {""daily_close"": 77434.7}}"
639e5f740448fe81e7e1ec904e575d473e665ca1d2216998206a573603a3e46c,2026-09-02,reduce_above_77000,7364b2fd1d907789a1322070e5c7010b820b7c5e798c1fae610520dbb66b6d67,exact,price+portfolio_overweight,"hour_low,hour_high,portfolio_state",True,False,,2026-09-02T21:00:00+00:00,"{""portfolio_overweight"": {""exposure"": 0.18083449210179336, ""threshold"": 0.6}, ""price"": {""hour_high"": 77433.6, ""hour_low"": 77239.7}}"
639e5f740448fe81e7e1ec904e575d473e665ca1d2216998206a573603a3e46c,2026-09-02,reduce_invalidation_69500,24ab37745853dc7fd9eaef5213e66adfca966e064c89b0eb7d5fa85b773d79ee,exact,price,daily_close,True,False,,2026-09-02T21:00:00+00:00,"{""price"": {""daily_close"": 77434.7}}"
b351616f373e8ced51dd1d70b3da5403536e95e807e9d7c21c9f6066a28d5516,2026-09-03,buy_pullback_69500_70500,5669850d6b319a7511bdd67ce79c556000f7d19c9e6a8671ee21dcbaf3750dc6,proxy,price,daily_close,True,False,,2026-09-03T21:00:00+00:00,"{""price"": {""daily_close"": 77339.6}}"
b351616f373e8ced51dd1d70b3da5403536e95e807e9d7c21c9f6066a28d5516,2026-09-03,buy_pullback_73900_75000,427ff02d29353a1b146086d2b93e9f3c838cf88b4a565a9f8c51fac65875af24,exact,price,"hour_low,hour_high",True,False,,2026-09-03T21:00:00+00:00,"{""price"": {""hour_high"": 82285.0, ""hour_low"": 81290.1}}"
b351616f373e8ced51dd1d70b3da5403536e95e807e9d7c21c9f6066a28d5516,2026-09-03,reduce_break_76400,82dce1c49c639f62b2494f98efa8e2e25f5697aadf2a17f2578678d33784aaad,proxy,price+volume,"daily_close,cm_volume_reported_spot_usd_1d,cm_reported_volume_ratio_20",True,False,,2026-09-03T21:00:00+00:00,"{""price"": {""daily_close"": 77339.6}, ""volume"": {""reported_volume_ratio_20"": 0.8492584219878526, ""required"": 1.0}}"
b351616f373e8ced51dd1d70b3da5403536e95e807e9d7c21c9f6066a28d5516,2026-09-03,reduce_fail_69500,24ab37745853dc7fd9eaef5213e66adfca966e064c89b0eb7d5fa85b773d79ee,exact,price,daily_close,True,False,,2026-09-03T21:00:00+00:00,"{""price"": {""daily_close"": 77339.6}}"
b351616f373e8ced51dd1d70b3da5403536e95e807e9d7c21c9f6066a28d5516,2026-09-03,reduce_resistance_79000_80300,196998f381552d25172453aabab4c2e8ad1a39e8e5788e277b5eddebdd812dd3,exact,price,"hour_low,hour_high",True,True,2026-09-03T14:00:00+00:00,2026-09-03T14:00:00+00:00,"{""price"": {""hour_high"": 80566.0, ""hour_low"": 78702.7}}"
b05e82a89c0939f7715b675004beceb7c264e8d9dcb09501dd082198edc5ae5c,2026-09-04,buy_breakout_82800,5ac079d054f91177c12f63836e0fa07e31a6bf7d8efb894feddfcd1ec7d0ded6,proxy,price+volume+etf_flow,"daily_close,cm_volume_reported_spot_usd_1d,cm_reported_volume_ratio_20,etf_flow_usd_m,etf_positive_streak,etf_positive_week_streak",True,False,,2026-09-04T21:00:00+00:00,"{""etf_flow"": {""flow_usd_m"": 730.8, ""positive_days"": 2.0, ""positive_weeks"": 5.0, ""threshold_usd"": null}, ""price"": {""daily_close"": 81260.1}, ""volume"": {""reported_volume_ratio_20"": 1.3272698537717242, ""required"": 1.0}}"
b05e82a89c0939f7715b675004beceb7c264e8d9dcb09501dd082198edc5ae5c,2026-09-04,buy_first_76200_78000,07b94ff6e4bd7f47106d3f14636d5468ba96534b621a18f8631beeeaddf25133,exact,price,daily_close,True,True,2026-09-03T22:00:00+00:00,2026-09-03T22:00:00+00:00,"{""price"": {""daily_close"": 77339.6}}"
b05e82a89c0939f7715b675004beceb7c264e8d9dcb09501dd082198edc5ae5c,2026-09-04,buy_second_70000_71000,c47cac74bba04d8d777381cf5e1517402efaff5ccf32249f265ebf5f09a2977c,proxy,price,daily_close,True,True,2026-09-03T22:00:00+00:00,2026-09-03T22:00:00+00:00,"{""price"": {""daily_close"": 77339.6}}"
b05e82a89c0939f7715b675004beceb7c264e8d9dcb09501dd082198edc5ae5c,2026-09-04,defense_below_69000_70500,74c8cce162ff31196d45248a62f4cfb7392e9cdd1bc8cc56f62bd84db7e279e2,exact,price,daily_close,True,False,,2026-09-04T21:00:00+00:00,"{""price"": {""daily_close"": 81260.1}}"
b05e82a89c0939f7715b675004beceb7c264e8d9dcb09501dd082198edc5ae5c,2026-09-04,rebalance_overweight_81000_82800,1ec5828002778668305e554dafba8aef678dc6fccaf1dece8068e8697e768de8,exact,price+portfolio_overweight,"hour_low,hour_high,portfolio_state",True,False,,2026-09-04T21:00:00+00:00,"{""portfolio_overweight"": {""exposure"": 0.0619728351617509, ""threshold"": 0.6}, ""price"": {""hour_high"": 79817.1, ""hour_low"": 79518.9}}"
dc411c0bbbd19f88c9a2d8b5ef3076fbc141599047977c08629285dfa1248f47,2026-09-05,defense_below_74000,5a177f1d22d626327e2273e040c58c77890e4e25f3b4c9a0b5ff970dbba4193c,exact,price,daily_close,True,False,,2026-09-05T21:00:00+00:00,"{""price"": {""daily_close"": 79660.7}}"
dc411c0bbbd19f88c9a2d8b5ef3076fbc141599047977c08629285dfa1248f47,2026-09-05,reentry_breakout_82300,049fefc5666cf1956b0e5bf2c9347508f6f80a9dc21f234a968042afe21f4d12,proxy,price+volume+etf_flow,"daily_close,cm_volume_reported_spot_usd_1d,cm_reported_volume_ratio_20,etf_flow_usd_m,etf_positive_streak,etf_positive_week_streak",True,False,,2026-09-05T21:00:00+00:00,"{""etf_flow"": {""flow_usd_m"": 174.6, ""positive_days"": 3.0, ""positive_weeks"": 5.0, ""threshold_usd"": null}, ""price"": {""daily_close"": 79660.7}, ""volume"": {""reported_volume_ratio_20"": 1.0944308266513616, ""required"": 1.2}}"
dc411c0bbbd19f88c9a2d8b5ef3076fbc141599047977c08629285dfa1248f47,2026-09-05,reentry_pullback_75600_77000,aa4656ac8d5bfafad05b5c80e7579242bde355d1d8ffd7b73086ddc7ad85b952,proxy,price+stabilization,"hour_low,hour_high,daily_stabilized",True,False,,2026-09-05T21:00:00+00:00,"{""price"": {""hour_high"": 79937.5, ""hour_low"": 79726.2}, ""stabilization"": {""stabilized_proxy"": 0.0}}"
28d6b49ad7128692a9ac8bf646f3bb1ec93f8a7e79803b0593f3a2c967eee6db,2026-09-06,breakout_82800,388f7d00672c36299b4eca128592007f9ca01856f4edb83feac2731d24befb8e,proxy,price+volume+pre_fomc,"daily_close,cm_volume_reported_spot_usd_1d,cm_reported_volume_ratio_20,pre_fomc",True,False,,2026-09-06T21:00:00+00:00,"{""pre_fomc"": {""pre_fomc"": 0.0}, ""price"": {""daily_close"": 79830.2}, ""volume"": {""reported_volume_ratio_20"": 0.43053724684687006, ""required"": 1.2}}"
28d6b49ad7128692a9ac8bf646f3bb1ec93f8a7e79803b0593f3a2c967eee6db,2026-09-06,defense_close_75600,05633c5d7b7793b51ae39ba0f733a1228ccd790553770e0af322de8405d60c3e,exact,price,daily_close,True,False,,2026-09-06T21:00:00+00:00,"{""price"": {""daily_close"": 79830.2}}"
28d6b49ad7128692a9ac8bf646f3bb1ec93f8a7e79803b0593f3a2c967eee6db,2026-09-06,emergency_74500,3fa9df68c8e3219e0208a315c607625236611f72349696a0d221887a4d407f77,exact,price,"hour_low,hour_high",True,False,,2026-09-06T21:00:00+00:00,"{""price"": {""hour_high"": 80030.0, ""hour_low"": 79869.6}}"
28d6b49ad7128692a9ac8bf646f3bb1ec93f8a7e79803b0593f3a2c967eee6db,2026-09-06,pullback_second_75600,1a616e6b1958f16c72120128ad4dbc866c30b5724f3d8c698e67c1bf7513347a,proxy,price+stabilization,"hour_low,hour_high,daily_stabilized",True,False,,2026-09-06T21:00:00+00:00,"{""price"": {""hour_high"": 80030.0, ""hour_low"": 79869.6}, ""stabilization"": {""stabilized_proxy"": 1.0}}"
ef37db1a9af1f471c223476e39f22cc5bfdc6a2c2fbf0d6e220a7d544d3c565d,2026-09-07,breakout_82300,26a7fbb21ae74652e50d24d919e73c287c21557ff577e08c582a3e8947b74fc1,proxy,price+volume+stabilization+institutional_quality_proxy,"hour_low,hour_high,cm_volume_reported_spot_usd_1d,cm_reported_volume_ratio_20,daily_stabilized,coinbase_volume_ratio_20,funding_rate",True,False,,2026-09-07T21:00:00+00:00,"{""institutional_quality_proxy"": {""coinbase_volume_ratio"": 0.2503087934868593, ""funding_rate"": 3.05689714203e-05}, ""price"": {""hour_high"": 79279.2, ""hour_low"": 79157.7}, ""stabilization"": {""stabilized_proxy"": 1.0}, ""volume"": {""reported_volume_usd"": 4336926419.85566, ""threshold"": 5000000000.0}}"
ef37db1a9af1f471c223476e39f22cc5bfdc6a2c2fbf0d6e220a7d544d3c565d,2026-09-07,defense_tactical_75600_76000,57b42c4cd2a7435c8b1d1a7cc6ed83a506b4ecb90248e5ee397ad18fda2cb674,exact,price,daily_close,True,False,,2026-09-07T21:00:00+00:00,"{""price"": {""daily_close"": 80341.4}}"
ef37db1a9af1f471c223476e39f22cc5bfdc6a2c2fbf0d6e220a7d544d3c565d,2026-09-07,false_breakout_79000,8c574fe38c38eedc564fe9c7c906e3cddb8d28ce11e7ef1f73bf531b2756ab3a,proxy,price,daily_close,True,False,,2026-09-07T21:00:00+00:00,"{""price"": {""daily_close"": 80341.4}}"
ef37db1a9af1f471c223476e39f22cc5bfdc6a2c2fbf0d6e220a7d544d3c565d,2026-09-07,pullback_first_76500_77500,5d3ef54f8aee3d38a9a949dbc13890a6f077f33385fa408c9e79d194cccd5bc9,proxy,price+volume+vwma20+stabilization,"hour_low,hour_high,cm_volume_reported_spot_usd_1d,cm_reported_volume_ratio_20,daily_close,daily_vwma_20,daily_stabilized",True,False,,2026-09-07T21:00:00+00:00,"{""price"": {""hour_high"": 79279.2, ""hour_low"": 79157.7}, ""stabilization"": {""stabilized_proxy"": 1.0}, ""volume"": {""reported_volume_ratio_20"": 0.450871563646552}, ""vwma20"": {""close"": 80341.4, ""vwma20"": 76842.27802822535}}"
ef37db1a9af1f471c223476e39f22cc5bfdc6a2c2fbf0d6e220a7d544d3c565d,2026-09-07,pullback_second_73500_74000,4e67af6aeb0481258070b353a46c1150948f631ddd75b5e23f0a12c6f63db7f7,proxy,price+stabilization,"hour_low,hour_high,daily_stabilized",True,False,,2026-09-07T21:00:00+00:00,"{""price"": {""hour_high"": 79279.2, ""hour_low"": 79157.7}, ""stabilization"": {""stabilized_proxy"": 1.0}}"
ef37db1a9af1f471c223476e39f22cc5bfdc6a2c2fbf0d6e220a7d544d3c565d,2026-09-07,structural_failure_69000_70000,c963bb35778f369ae4a4dec0e17c70b74b110a33527d147e97926fa92f1751aa,exact,price,daily_close,True,False,,2026-09-07T21:00:00+00:00,"{""price"": {""daily_close"": 80341.4}}"
072377e3fa049a2e400e3fa64ae24342593c3f5a5140fa83ba77924d26c32572,2026-09-08,add_event_pullback_77500_78500,e968412f31a2ce1725c1c8dfc24e08d1359a786d55a66a22f86bd8050d3636d7,proxy,price+stabilization+active_plan_has_fill,"hour_low,hour_high,daily_stabilized,execution_state",True,False,,2026-09-09T04:00:00+00:00,"{""active_plan_has_fill"": {""active_plan_fill_count"": 1}, ""price"": {""hour_high"": 79216.8, ""hour_low"": 78636.7}, ""stabilization"": {""stabilized_proxy"": 0.0}}"
072377e3fa049a2e400e3fa64ae24342593c3f5a5140fa83ba77924d26c32572,2026-09-08,add_weekly_close_82300,63783020d311187886f6cbe0349fa4fd33d65a2312710d269e1602620641ee6f,exact,price+active_plan_has_fill,"weekly_close,execution_state",True,False,,2026-09-09T04:00:00+00:00,"{""active_plan_has_fill"": {""active_plan_fill_count"": 1}, ""price"": {""weekly_close"": 80341.4}}"
072377e3fa049a2e400e3fa64ae24342593c3f5a5140fa83ba77924d26c32572,2026-09-08,defense_daily_close_below_75500,865123f901179a4b7a4befc9913971c9132d368b76cd4bd51b6afbb8fe053fa8,exact,price,daily_close,True,False,,2026-09-09T04:00:00+00:00,"{""price"": {""daily_close"": 78458.7}}"
072377e3fa049a2e400e3fa64ae24342593c3f5a5140fa83ba77924d26c32572,2026-09-08,final_deep_pullback_75500_76500,219ff2b21bd36895520700a2b7671bf243d945c1ba376f40c1d8c12b6a034757,proxy,price+stabilization,"hour_low,hour_high,daily_stabilized",True,False,,2026-09-09T04:00:00+00:00,"{""price"": {""hour_high"": 79216.8, ""hour_low"": 78636.7}, ""stabilization"": {""stabilized_proxy"": 0.0}}"
072377e3fa049a2e400e3fa64ae24342593c3f5a5140fa83ba77924d26c32572,2026-09-08,first_entry_support_78800_79200,1d6df5f3d2d6fc5a0760503ed028c8ddaf818eaac30160b7e6c756a5d0c1d343,proxy,price,"hour_low,hour_high",True,True,2026-09-07T22:00:00+00:00,2026-09-07T22:00:00+00:00,"{""price"": {""hour_high"": 79224.3, ""hour_low"": 78774.1}}"
072377e3fa049a2e400e3fa64ae24342593c3f5a5140fa83ba77924d26c32572,2026-09-08,hard_risk_disorder_below_75500,a39a60130524e1b7733c36553756734008141702ec3ff31144eb669b5aa144e7,proxy,price+volume+funding,"daily_close,cm_volume_reported_spot_usd_1d,cm_reported_volume_ratio_20,funding_rate",True,False,,2026-09-09T04:00:00+00:00,"{""funding"": {""funding_rate"": 4.80256460149e-05, ""threshold"": null}, ""price"": {""daily_close"": 78458.7}, ""volume"": {""reported_volume_ratio_20"": 0.9128559836826244, ""required"": 1.0}}"
072377e3fa049a2e400e3fa64ae24342593c3f5a5140fa83ba77924d26c32572,2026-09-08,protect_after_82300_below_80000,7ff73e41418bcfb8c1e9e12fbe976fbebb3d4c07e0ef887971619164864c5635,exact,price,weekly_close,True,False,,2026-09-09T04:00:00+00:00,"{""price"": {""weekly_close"": 80341.4}}"
8fd19aafd1ec8e0ad21f57ff97ddbfd5d3f3800b2a99c03474b7edb531e5e2ee,2026-09-09,breakout_first_half_82300,561b948da6f643640d4866496d81294e3f82b14e11f3708335c8906b7214e4f8,exact,price+volume,"daily_close,cm_volume_reported_spot_usd_1d,cm_reported_volume_ratio_20",True,False,,2026-09-09T21:00:00+00:00,"{""price"": {""daily_close"": 78458.7}, ""volume"": {""reported_volume_usd"": 8615462632.23562, ""threshold"": 55000000000.0}}"
8fd19aafd1ec8e0ad21f57ff97ddbfd5d3f3800b2a99c03474b7edb531e5e2ee,2026-09-09,breakout_second_half_82300,f9b846976c97ec22817259ea3c79764e28832ef4830c812b20a2c3091b418186,proxy,price+stabilization,"hour_low,hour_high,daily_stabilized",True,False,,2026-09-09T21:00:00+00:00,"{""price"": {""hour_high"": 78342.8, ""hour_low"": 78004.7}, ""stabilization"": {""stabilized_proxy"": 0.0}}"
8fd19aafd1ec8e0ad21f57ff97ddbfd5d3f3800b2a99c03474b7edb531e5e2ee,2026-09-09,complete_after_fomc_78500,641a938ebf407a9a00a9510c55e57a93595873161b0a65b24d5be7ae8096e24c,exact,price+active_plan_has_fill+pre_fomc+post_fomc,"daily_close,execution_state,pre_fomc,post_fomc",True,False,,2026-09-09T21:00:00+00:00,"{""active_plan_has_fill"": {""active_plan_fill_count"": 0}, ""post_fomc"": {""post_fomc"": 0.0}, ""pre_fomc"": {""pre_fomc"": 1.0}, ""price"": {""daily_close"": 78458.7}}"
8fd19aafd1ec8e0ad21f57ff97ddbfd5d3f3800b2a99c03474b7edb531e5e2ee,2026-09-09,invalidation_daily_close_76200,6ec7a1d306f2d33f30fcf30995479257a6f7eb8d6d17f835bc898ce405488d84,exact,price,daily_close,True,False,,2026-09-09T21:00:00+00:00,"{""price"": {""daily_close"": 78458.7}}"
8fd19aafd1ec8e0ad21f57ff97ddbfd5d3f3800b2a99c03474b7edb531e5e2ee,2026-09-09,post_fomc_pullback_scale,c168784aaca248feecfee577eaeb389861ec74db6bbbd327d71ea3d24595963b,exact,price+post_fomc,"hour_low,hour_high,post_fomc",True,False,,2026-09-09T21:00:00+00:00,"{""post_fomc"": {""post_fomc"": 0.0}, ""price"": {""hour_high"": 78342.8, ""hour_low"": 78004.7}}"
8fd19aafd1ec8e0ad21f57ff97ddbfd5d3f3800b2a99c03474b7edb531e5e2ee,2026-09-09,pullback_pre_fomc_1_3,89f54fee395aef52f88785595c57e6d0572328f207435d1edf2177b842e109fa,proxy,price+volume+pre_fomc,"hour_low,hour_high,cm_volume_reported_spot_usd_1d,cm_reported_volume_ratio_20,pre_fomc",True,False,,2026-09-09T21:00:00+00:00,"{""pre_fomc"": {""pre_fomc"": 1.0}, ""price"": {""hour_high"": 78342.8, ""hour_low"": 78004.7}, ""volume"": {""reported_volume_ratio_20"": 0.9128559836826244}}"
bd9aed3053ae1d9611c04be5b487b373d4404428dd44a83de50264042993acea,2026-09-10,breakout_entry_add,114a57ab0bc5f9f92dcaee32d8fa459006cfbe28943ee84810608f24e1659ff8,proxy,price+volume,"hour_low,hour_high,cm_volume_reported_spot_usd_1d,cm_reported_volume_ratio_20",True,False,,2026-09-10T21:00:00+00:00,"{""price"": {""hour_high"": 77303.6, ""hour_low"": 77108.4}, ""volume"": {""reported_volume_ratio_20"": 0.8813437695328032, ""required"": 1.0}}"
bd9aed3053ae1d9611c04be5b487b373d4404428dd44a83de50264042993acea,2026-09-10,deeper_stabilization_add,447b31c480a0b9166bbc3e19ab1689984a5ddf690853013defffc34e079088e7,proxy,price+stabilization,"hour_low,hour_high,daily_stabilized",True,False,,2026-09-10T21:00:00+00:00,"{""price"": {""hour_high"": 77303.6, ""hour_low"": 77108.4}, ""stabilization"": {""stabilized_proxy"": 0.0}}"
bd9aed3053ae1d9611c04be5b487b373d4404428dd44a83de50264042993acea,2026-09-10,invalidation_exit,722736aaaf07e7878d0ebd4dcfcad5960be2b930fb70beef95098e4f64de9715,exact,price,daily_close,True,False,,2026-09-10T21:00:00+00:00,"{""price"": {""daily_close"": 78300.7}}"
bd9aed3053ae1d9611c04be5b487b373d4404428dd44a83de50264042993acea,2026-09-10,pullback_entry_ladder,18964cf9f5703185c73785805642f2c8cd5e17c7b7fda4817691c1dc3be80a8b,proxy,price,"hour_low,hour_high",True,True,2026-09-10T12:00:00+00:00,2026-09-10T12:00:00+00:00,"{""price"": {""hour_high"": 77973.2, ""hour_low"": 76680.0}}"
bd9aed3053ae1d9611c04be5b487b373d4404428dd44a83de50264042993acea,2026-09-10,take_profit_ladder,99757ba3552f693ae3d4c9bc5f9e048dfefc97d6a04b1ea2a4b38ddafed4af29,proxy,price+active_plan_has_fill,"hour_low,hour_high,execution_state",True,False,,2026-09-10T21:00:00+00:00,"{""active_plan_has_fill"": {""active_plan_fill_count"": 1}, ""price"": {""hour_high"": 77303.6, ""hour_low"": 77108.4}}"
caa42cf4c7443fa62216532f1e9e2f017571e298efcd22cb47ea9ac70700e4b2,2026-09-11,breakdown_reduce,b6b014afd7afe34d79b11b34dff1e0923ccc789ea5227c0fd0edd4feaceb7cd8,exact,price,daily_close,True,False,,2026-09-11T14:00:00+00:00,"{""price"": {""daily_close"": 76570.0}}"
caa42cf4c7443fa62216532f1e9e2f017571e298efcd22cb47ea9ac70700e4b2,2026-09-11,invalidation_rebuild,07467c9413fcd77940a3dbf7f0c77ba928af994d10ea263cd79186713f1ed520,proxy,price+volume,"daily_close,cm_volume_reported_spot_usd_1d,cm_reported_volume_ratio_20",True,False,,2026-09-11T14:00:00+00:00,"{""price"": {""daily_close"": 76570.0}, ""volume"": {""reported_volume_ratio_20"": 1.0432567158202382, ""required"": 1.0}}"
